;classe;semaine_et_FB;delta_to_hours;mean_essai_sem;moy_norm_essai;entropie_essai_sem;entropie_norm_essai;sigma_essai_sem;solidite_essai_sem;solidite_norm_essai
0;Evian;data01FB1_2016_Evian;0.0;23.7288213317;1.0;0.159382283903;1.0;3734.53417961;0.578943669511;1.0
1;Evian;data01FB1_2016_Evian;0.269853055556;23.7288213317;1.0;0.159382283903;1.0;3734.53417961;0.578943669511;1.0
2;Evian;data01FB1_2016_Evian;4.29257166667;25.827290638;1.08843546323;0.07102002082;0.445595451896;7314.32978723;0.302351623763;0.522247050422
3;Evian;data01FB1_2016_Evian;8.30809666667;23.5024995866;0.990462158153;0.0622259925586;0.390419757045;7274.21856287;0.296713403075;0.512508243377
4;Evian;data01FB1_2016_Evian;12.3179005556;21.197781371;0.893334779451;0.0351202985751;0.22035258697;7197.25;0.293390603901;0.506768826316
5;Evian;data01FB1_2016_Evian;16.32493;20.0413640283;0.844600064543;0.0408463247979;0.256278952702;6902.92743363;0.280984087909;0.485339252688
6;Evian;data01FB1_2016_Evian;20.3021330556;20.6678750171;0.871003018997;0.0455301603071;0.285666381433;7225.00180832;0.293915077255;0.507674740624
7;Evian;data01FB1_2016_Evian;24.3323572222;21.4794148985;0.905203617081;0.0467862007604;0.293547059401;7077.73644933;0.288054101964;0.497551173169
8;Evian;data01FB1_2016_Evian;28.3204594444;20.0106195091;0.843304403088;0.0336891103379;0.211372992738;7064.28035714;0.28681416194;0.495409444899
9;Evian;data01FB1_2016_Evian;32.3487375;20.203959299;0.851452291566;0.0276466934817;0.173461521599;6961.04844291;0.284375583793;0.49119732846
10;Evian;data01FB1_2016_Evian;36.3232341667;17.087036033;0.720096282665;0.0134149558621;0.084168425333;6957.13613551;0.280409994519;0.484347630496
11;Evian;data01FB1_2016_Evian;40.3695486111;17.5525512705;0.739714418391;0.0109677198074;0.0688139204611;6680.38868275;0.272164146439;0.470104710997
12;Evian;data01FB1_2016_Evian;44.3464466667;16.8476820498;0.710009225248;0.00861751071407;0.0540681843869;6530.0987526;0.265893882938;0.459274186663
13;Evian;data01FB1_2016_Evian;48.3753402778;17.5408487395;0.739221240462;0.00958778262742;0.0601558867939;6397.25065274;0.261664861126;0.451969465953
14;Evian;data01FB1_2016_Evian;52.3595313889;18.936437212;0.798035306825;0.0112355747755;0.0704945022767;6390.54363313;0.262923664792;0.454143777086
15;Evian;data01FB1_2016_Evian;56.3968622222;19.5527958807;0.824010413639;0.012447396114;0.0780977396558;6662.35832187;0.27228829216;0.470319145884
16;Evian;data01FB1_2016_Evian;60.4034102778;20.271447089;0.854296418928;0.0157233592238;0.0986518629219;6855.30431548;0.278781938072;0.481535515031
17;Evian;data01FB1_2016_Evian;64.3795027778;14.2741724798;0.601554214611;0.00582338133118;0.036537193398;6685.89166667;0.268677549423;0.464082368583
18;Evian;data01FB1_2016_Evian;68.4187322222;13.643932686;0.574994117716;0.00519136840916;0.0325718033525;6663.18032787;0.26827926941;0.463394425983
19;Evian;data01FB1_2016_Evian;72.4188183333;13.1444158923;0.553943059732;0.00487147715863;0.0305647342938;6732.45783133;0.269521120807;0.465539455737
20;Evian;data01FB1_2016_Evian;76.4057902778;12.0701319885;0.508669681474;0.00360857419159;0.0226409993835;6351.59210526;0.255685517261;0.441641442381
21;Evian;data01FB1_2016_Evian;80.4096102778;12.9364716151;0.545179696634;0.00482866375959;0.0302961134785;6612.65267176;0.266181754996;0.459771423394
22;Evian;data01FB1_2016_Evian;84.4436919444;14.9464248398;0.629884840503;0.00756989366226;0.0474952013291;7021.80254777;0.280833569238;0.485079264231
23;Evian;data01FB1_2016_Evian;88.4435469444;12.883724838;0.542956797472;0.00564353249771;0.0354087817009;7263.63768116;0.287491147671;0.49657879136
24;Evian;data01FB1_2016_Evian;92.4520052778;12.4975565438;0.526682567546;0.00421102178994;0.0264208899937;6428.74728261;0.258749697815;0.446934151699
25;Evian;data01FB1_2016_Evian;96.4625641667;12.575009922;0.529946673127;0.00476310080578;0.0298847568823;6610.44554455;0.264163225146;0.456284849559
26;Evian;data01FB1_2016_Evian;100.468169722;11.746136423;0.495015587114;0.00384813488207;0.0241440565905;6668.60869565;0.264792777196;0.457372264593
27;Evian;data01FB1_2016_Evian;104.466585278;11.8226063995;0.498238249354;0.00387246704219;0.0242967219905;6525.31884058;0.261161004777;0.451099163063
28;Evian;data01FB1_2016_Evian;108.505977222;13.2765770235;0.559512705581;0.00564157263676;0.0353964850961;6918.09668508;0.277067901622;0.478574887702
29;Evian;data01FB1_2016_Evian;112.487064167;13.3390334676;0.56214479772;0.00541586256604;0.033980329767;6636.42771084;0.267342456413;0.461776284104
30;Evian;data01FB1_2016_Evian;116.4937875;13.9621357715;0.588404100496;0.00604862141411;0.0379503999189;6792.15891473;0.272525550758;0.470728958809
31;Evian;data10FB1_2016_Evian;0.0;21.0746683869;1.0;0.486750093534;1.0;22.390423496;0.92803289432;1.0
32;Evian;data10FB1_2016_Evian;0.198626388889;21.0746683869;1.0;0.486750093534;1.0;22.390423496;0.92803289432;1.0
33;Evian;data10FB1_2016_Evian;4.15296972222;19.539254359;0.927144095474;0.485517029271;0.997466740573;18.8357569054;0.933861072506;1.00628014182
34;Evian;data10FB1_2016_Evian;8.06722527778;18.8465586319;0.894275453636;0.489811506829;1.00628949709;17.5405986072;0.932469426332;1.00478057625
35;Evian;data10FB1_2016_Evian;17.8321411111;19.220018868;0.911996265618;0.48516702721;0.996747681522;14.2372566003;0.941715083049;1.01474321526
36;Evian;data10FB1_2016_Evian;21.8243461111;20.4339753397;0.969598902555;0.486574801627;0.999639872885;16.5012512948;0.942575668189;1.01567053707
37;Evian;data10FB1_2016_Evian;25.7574033333;18.9804820096;0.900630162294;0.470541050642;0.966699456031;14.6164387237;0.948077165393;1.02159866444
38;Evian;data10FB1_2016_Evian;29.7118508333;18.2426932939;0.8656218432;0.46430763536;0.953893263767;13.1852194785;0.947513186093;1.02099094967
39;Evian;data10FB1_2016_Evian;33.6465866667;18.0207468672;0.855090411691;0.47348642569;0.972750559229;13.2560129254;0.946438609577;1.01983304188
40;Evian;data10FB1_2016_Evian;37.5988522222;17.7755005244;0.843453391437;0.467311400351;0.960064325738;12.319767976;0.94669762886;1.02011214759
41;Evian;data10FB1_2016_Evian;41.5452627778;17.8443087953;0.846718366699;0.478849201278;0.983768072446;13.8435214972;0.941839303652;1.01487706892
42;Evian;data10FB1_2016_Evian;45.4762916667;18.4529583502;0.875598989814;0.469669352878;0.964908603239;13.9225360096;0.947545341431;1.02102559859
43;Evian;data10FB1_2016_Evian;49.4233227778;18.4143493074;0.873766977935;0.476313762034;0.978559158717;13.4709511851;0.946581650166;1.01998717498
44;Evian;data10FB1_2016_Evian;53.3799494444;18.6886854268;0.886784317729;0.472576045253;0.970880235117;14.8771466646;0.944891646979;1.01816611541
45;Evian;data10FB1_2016_Evian;57.3194075;19.4028937582;0.920673739773;0.476895263105;0.979753819136;15.3241884024;0.942364707953;1.01544321728
46;Evian;data10FB1_2016_Evian;61.2690994444;18.7581041485;0.890078259079;0.468776851992;0.963075011631;14.147803068;0.942933153886;1.01605574507
47;Evian;data10FB1_2016_Evian;65.2158244444;17.8924390198;0.849002161805;0.466090764848;0.957556600482;12.8167346638;0.94570125228;1.01903850399
48;Evian;data10FB1_2016_Evian;69.1490602778;19.3644074418;0.918847551302;0.47817216138;0.982377133015;15.1420499742;0.942944366593;1.0160678273
49;Evian;data10FB1_2016_Evian;73.1018391667;18.453702109;0.875634281413;0.471331305579;0.968322989231;13.3721783834;0.947438293335;1.02091024912
50;Evian;data10FB1_2016_Evian;77.0560327778;18.0269784158;0.855386100735;0.486448112931;0.999379598265;13.2220843477;0.929432625368;1.00150827741
51;Evian;data10FB1_2016_Evian;80.9821630556;18.3014066377;0.868407810823;0.483180012444;0.992665474262;13.022767761;0.933132528737;1.00549510093
52;Evian;data10FB1_2016_Evian;84.9368661111;16.9828735071;0.805842976758;0.47351703203;0.972813438191;11.347836786;0.941231933557;1.01422259848
53;Evian;data10FB1_2016_Evian;88.8867044444;18.2853105823;0.867644047659;0.467399929339;0.960246203438;13.3034241255;0.937470270484;1.01016922592
54;Evian;data10FB1_2016_Evian;92.8450858333;17.8205729972;0.845592095215;0.471059860467;0.967765320901;13.0725683474;0.93874786333;1.01154589355
55;Evian;data10FB1_2016_Evian;96.7897486111;18.2787497945;0.867332736104;0.478901559085;0.98387563854;13.0719627808;0.937656411416;1.01036980171
56;Evian;data10FB1_2016_Evian;100.730413333;17.6956428523;0.839664118429;0.476661714238;0.979274006458;13.0403439762;0.931244788524;1.00346097021
57;Evian;data10FB1_2016_Evian;104.669832222;18.6029540858;0.882716337181;0.487735968984;1.00202542426;14.2831944265;0.929789623214;1.00189295973
58;Evian;data10FB1_2016_Evian;108.620511111;16.6236144781;0.788796016759;0.464986250611;0.95528743967;11.2753167662;0.932530839977;1.0048467524
59;Evian;data10FB1_2016_Evian;112.577733056;16.8682451895;0.800403825094;0.470095310009;0.965783707603;12.3906520541;0.927831556863;0.999783049223
60;Evian;data10FB1_2016_Evian;116.500646111;18.2091712701;0.864031212061;0.471331194617;0.968322761265;13.5124538952;0.934976073399;1.00748160881
61;Evian;data10FB1_2016_Evian;120.449360833;17.9346891756;0.851006945699;0.472812972299;0.971366988072;12.5945476754;0.934999622532;1.00750698413
62;Evian;data10FB1_2016_Evian;124.397911111;17.6471658828;0.837363870159;0.468953365148;0.963437647733;12.8346160768;0.927227733731;0.999132400807
63;Evian;data10FB1_2016_Evian;128.361183611;18.9223289475;0.897870780225;0.477731515512;0.981471851488;14.3258602654;0.934611386112;1.00708864075
64;Evian;data10FB1_2016_Evian;132.291111389;16.8020447384;0.797262591751;0.467571804227;0.960599310485;11.6512309858;0.931213423985;1.00342717342
65;Evian;data10FB1_2016_Evian;136.257215556;18.3264510452;0.869596176262;0.481045178385;0.988279580785;13.8108393466;0.920284633317;0.991650876762
66;Evian;data10FB1_2016_Evian;140.192721667;17.4928615029;0.830042076193;0.463208067327;0.951634264648;12.4862943507;0.937031910139;1.0096968716
67;Evian;data10FB1_2016_Evian;144.131801944;20.2755966432;0.962083780913;0.482537654405;0.99134578671;12.1068858577;0.919525912171;0.9908333183
68;Evian;data10FB1_2016_Evian;148.103849722;19.3823218113;0.91969759407;0.466161871247;0.957702684477;14.8907982732;0.93333558432;1.00571390307
69;Evian;data10FB1_2016_Evian;152.044090278;21.6002787195;1.02494038449;0.462675249021;0.950539620161;13.6162939442;0.907551185994;0.977929975918
70;Evian;data10FB1_2016_Evian;155.955999167;19.2711928116;0.914424486205;0.480916784809;0.988015803588;15.1072245402;0.927859954703;0.999813649259
71;Evian;data11FB1_2016_Evian;0.0;21.8084584878;1.0;0.516205531781;1.0;21.0567487134;0.931138519838;1.0
72;Evian;data11FB1_2016_Evian;0.180017058377;21.8084584878;1.0;0.516205531781;1.0;21.0567487134;0.931138519838;1.0
73;Evian;data11FB1_2016_Evian;4.14453555556;21.948434139;1.00641841106;0.497206266666;0.963194379088;17.7443711146;0.932269723935;1.00121486124
74;Evian;data11FB1_2016_Evian;8.08150472222;19.9553666421;0.915028756077;0.499252022148;0.967157442938;15.5372242623;0.932552640844;1.00151870101
75;Evian;data11FB1_2016_Evian;12.0150744444;21.3060312918;0.976961819825;0.502328894843;0.973118000324;17.0498845304;0.934303254919;1.00339878011
76;Evian;data11FB1_2016_Evian;15.9415466667;20.2910387255;0.930420585975;0.504019039974;0.976392171224;16.2599433956;0.946560016139;1.01656197867
77;Evian;data11FB1_2016_Evian;19.88863;19.5781933181;0.897733937912;0.46983852181;0.910177231516;14.1624140811;0.933219203589;1.00223455878
78;Evian;data11FB1_2016_Evian;23.8167366667;20.4753866604;0.93887363345;0.510095213684;0.988163013138;16.6107462521;0.940967088117;1.01055543087
79;Evian;data11FB1_2016_Evian;27.7693327778;21.6892527287;0.994533966753;0.528285116295;1.02340072659;18.7163474443;0.937913923098;1.00727647189
80;Evian;data11FB1_2016_Evian;31.6969019444;22.9642251637;1.05299625723;0.538806633357;1.04378314486;20.188575881;0.953309250068;1.02381034589
81;Evian;data11FB1_2016_Evian;35.6420916667;21.6372740214;0.992150547158;0.523670103313;1.01446046404;19.0947540395;0.942536231539;1.01224061883
82;Evian;data11FB1_2016_Evian;42.1634625;19.2081300899;0.880765144435;0.511823228858;0.991510546374;16.2571353031;0.935399354685;1.00457594091
83;Evian;data11FB1_2016_Evian;46.0851797222;23.8724128328;1.09464008408;0.555075282064;1.07529898052;20.805227241;0.956805106005;1.02756473459
84;Evian;data11FB1_2016_Evian;51.1149775;22.1163393266;1.01411749661;0.539223566348;1.04459083282;20.5850600049;0.951669967525;1.02204983174
85;Evian;data11FB1_2016_Evian;55.0412327778;21.0995115723;0.967492112479;0.530202146798;1.02711442275;18.4640399242;0.941153877278;1.01075603385
86;Evian;data11FB1_2016_Evian;58.9920833333;21.4283819887;0.982572060315;0.53167894831;1.02997530165;19.3220898719;0.955238795887;1.02588258947
87;Evian;data11FB1_2016_Evian;62.9178166667;19.4155602532;0.890276599058;0.504675285941;0.977663459358;15.9121921357;0.934073507978;1.00315204245
88;Evian;data11FB1_2016_Evian;66.8563636111;20.915767832;0.959066769607;0.49675627077;0.962322641246;17.1951288237;0.94542827252;1.015346538
89;Evian;data11FB1_2016_Evian;70.7787005556;18.936707828;0.868319410958;0.489653886683;0.948563811383;15.8521313221;0.942378544081;1.01207126975
90;Evian;data11FB1_2016_Evian;74.7382044444;21.113199094;0.968119736926;0.520721075775;1.00874756994;17.7931636775;0.940060170893;1.00958144343
91;Evian;data11FB1_2016_Evian;78.6550530556;19.6174405425;0.899533571046;0.538450072992;1.04309241153;16.8061032382;0.953578666293;1.02409968654
92;Evian;data11FB1_2016_Evian;82.6157247222;22.0293081739;1.01012679031;0.546727414168;1.05912738339;18.8608386354;0.95165827127;1.0220372705
93;Evian;data11FB1_2016_Evian;86.5475608333;19.7531878034;0.905758094477;0.521136911659;1.00955313257;18.2676302804;0.929959822743;0.998734133462
94;Evian;data11FB1_2016_Evian;90.4805475;23.3214781444;1.0693776526;0.53999473586;1.04608475232;24.4698546784;0.948873034442;1.01904605408
95;Evian;data11FB1_2016_Evian;94.4096211111;22.3651025503;1.02552422781;0.534466298195;1.03537499172;19.3949959886;0.941111845058;1.01071089318
96;Evian;data11FB1_2016_Evian;98.3713283333;20.6516437377;0.946955684615;0.55792532899;1.08082012811;18.7814138194;0.961128338715;1.03220768794
97;Evian;data11FB1_2016_Evian;102.31735;20.6055109724;0.944840323488;0.545472352011;1.05669606083;19.6788432157;0.946135099559;1.01610563778
98;Evian;data11FB1_2016_Evian;106.224750278;21.950054895;1.00649272883;0.526330063984;1.01961337409;21.6412301652;0.936530300939;1.00579052524
99;Evian;data11FB1_2016_Evian;110.173125;21.445826128;0.983371939837;0.535680882948;1.03772790094;19.1207499228;0.940732953051;1.01030398057
100;Evian;data11FB1_2016_Evian;114.108089167;21.1436845505;0.969517609984;0.530589059839;1.02786395568;21.5643705062;0.946406826364;1.01639745988
101;Evian;data11FB1_2016_Evian;118.0143075;20.9306804935;0.959750571332;0.503368369216;0.975131683457;18.2321272257;0.931177388616;1.00004174328
102;Evian;data11FB1_2016_Evian;121.9950925;20.2027741262;0.926373321501;0.538292852628;1.04278784222;18.1105462775;0.95599139157;1.02669084266
103;Evian;data11FB1_2016_Evian;125.935879444;22.9160708257;1.05078819938;0.545442599691;1.05663842425;19.9814580273;0.956417744789;1.02714872644
104;Evian;data11FB1_2016_Evian;129.888352778;21.3921569654;0.980911006494;0.548486129492;1.06253438935;20.1113620283;0.942242254472;1.01192490097
105;Evian;data11FB1_2016_Evian;133.832519722;21.845842859;1.00171421429;0.551961316724;1.06926656679;19.5011392819;0.956119930624;1.02682888771
106;Evian;data11FB1_2016_Evian;137.748445;21.935192384;1.0058112267;0.500479388134;0.969535112123;16.5718651994;0.933704872108;1.00275614446
107;Evian;data11FB1_2016_Evian;141.684902222;19.5454756952;0.896233711619;0.517289781736;1.00210042297;15.254968444;0.940824760561;1.01040257762
108;Evian;data11FB1_2016_Evian;145.608833611;22.3021213492;1.02263630241;0.528162426693;1.02316305071;19.3408447237;0.930054089627;0.998835371765
109;Evian;data11FB1_2016_Evian;149.573119722;20.9608583803;0.961134341156;0.527745505691;1.02235538598;18.4323504979;0.9419713611;1.01163397393
110;Evian;data11FB1_2016_Evian;153.531992778;23.3460566967;1.07050467183;0.522883429505;1.01293650942;19.6501360171;0.938804885004;1.00823332405
111;Evian;data11FB1_2016_Evian;157.4589725;22.9250544384;1.05120013188;0.533454307051;1.03341454945;19.9693615518;0.95091734437;1.02124154904
112;Evian;data14FB1_2016_Evian;0.0;16.6932900177;1.0;0.452065074441;1.0;16.4366506424;0.916158523373;1.0
113;Evian;data14FB1_2016_Evian;0.208835;16.6932900177;1.0;0.452065074441;1.0;16.4366506424;0.916158523373;1.0
114;Evian;data14FB1_2016_Evian;4.14274944427;17.6229872625;1.05569287084;0.479222708303;1.06007461182;15.8052959415;0.930084187863;1.01520005996
115;Evian;data14FB1_2016_Evian;8.08009777778;17.4449352195;1.04502678627;0.473570106864;1.04757065661;15.298493074;0.932801884977;1.01816646484
116;Evian;data14FB1_2016_Evian;12.01843;16.8758609925;1.01093678805;0.459270643693;1.01593923012;13.9071393301;0.928973835131;1.01398809423
117;Evian;data14FB1_2016_Evian;15.9399608333;17.5322041278;1.0502545699;0.473572241778;1.04757537919;14.9931751353;0.93056132429;1.01572086113
118;Evian;data14FB1_2016_Evian;19.89201;18.1586454891;1.08778110665;0.49476589983;1.09445725362;15.8054059582;0.939574869303;1.02555927313
119;Evian;data14FB1_2016_Evian;23.8301447222;17.5366572456;1.05052133085;0.494351963395;1.09354159687;15.3349900362;0.941324603299;1.02746913256
120;Evian;data14FB1_2016_Evian;27.7674336111;18.1795880249;1.08903565479;0.494818404207;1.09457339702;16.1320677041;0.938981970658;1.02491211586
121;Evian;data14FB1_2016_Evian;31.6688113889;17.7356279654;1.06244053429;0.496822894372;1.0990074714;15.823668645;0.942713512191;1.02898514628
122;Evian;data14FB1_2016_Evian;35.6439919444;18.2837202242;1.09527362221;0.490778807311;1.08563752225;16.1291482818;0.939436955389;1.02540873814
123;Evian;data14FB1_2016_Evian;39.5772866667;19.4089966117;1.1626825264;0.506296068071;1.11996280336;16.6367845787;0.93863202561;1.02453014589
124;Evian;data14FB1_2016_Evian;43.5180727778;17.7583355471;1.06380081628;0.488309373963;1.08017496058;15.3819307545;0.932809839031;1.0181751468
125;Evian;data14FB1_2016_Evian;47.4560994444;18.3862521962;1.10141572912;0.490857696161;1.08581202998;15.6265829693;0.939279588136;1.02523696956
126;Evian;data14FB1_2016_Evian;51.3916625;18.3446440286;1.0989232206;0.499082161053;1.10400512951;15.5472086067;0.942247605233;1.02847660224
127;Evian;data14FB1_2016_Evian;55.3286905556;19.0179597706;1.13925773472;0.508783122995;1.1254643452;17.3382810895;0.947248969186;1.03393566181
128;Evian;data14FB1_2016_Evian;59.2692875;18.5444693115;1.11089361605;0.504271648105;1.11548464284;16.6309733045;0.942243459736;1.02847207737
129;Evian;data14FB1_2016_Evian;63.2068197222;18.1932684071;1.08985516863;0.494310996146;1.09345097441;16.1311859556;0.94537108633;1.03188592608
130;Evian;data14FB1_2016_Evian;67.1455622222;19.3882826743;1.1614416723;0.485514347918;1.07399216478;17.3087531065;0.938784123823;1.02469616324
131;Evian;data14FB1_2016_Evian;71.0857947222;18.0450521473;1.08097637603;0.488596684084;1.08081051094;14.8042660891;0.939743562455;1.02574340409
132;Evian;data14FB1_2016_Evian;75.0269591667;19.3486402078;1.15906691774;0.488661229898;1.08095329085;16.7464418179;0.93609651632;1.0217626016
133;Evian;data14FB1_2016_Evian;78.9626836111;19.2309619593;1.15201748361;0.489941416288;1.08378515393;15.6135154012;0.938607139961;1.02450298285
134;Evian;data14FB1_2016_Evian;82.9019786111;19.8687532843;1.19022393209;0.512952730505;1.13468781268;17.059169532;0.947589245855;1.03430707861
135;Evian;data14FB1_2016_Evian;86.8399466667;19.2396967468;1.15254073502;0.489813619148;1.08350245759;15.982308335;0.935966941498;1.02162116885
136;Evian;data14FB1_2016_Evian;90.7814327778;18.4421493427;1.10476420905;0.482907839562;1.06822638347;14.8150810884;0.938587720517;1.02448178625
137;Evian;data14FB1_2016_Evian;94.7095630556;18.8151019304;1.12710567602;0.482643082586;1.06764072226;15.2249270374;0.935491328228;1.02110203023
138;Evian;data14FB1_2016_Evian;98.6555086111;19.7539321552;1.18334565171;0.473628695405;1.04770025862;15.7608769821;0.930716541547;1.01589028296
139;Evian;data14FB1_2016_Evian;102.600225;20.0785436701;1.20279128014;0.475244576088;1.05127470127;15.7769625223;0.927988169287;1.01291222601
140;Evian;data14FB1_2016_Evian;106.540068611;19.2753382767;1.15467581623;0.464749741424;1.02805938282;15.6475289852;0.927770567249;1.0126747103
141;Evian;data21FB1_2016_Evian;0.0;14.8769265726;1.0;0.462098062975;1.0;12.6064693669;0.912766553182;1.0
142;Evian;data21FB1_2016_Evian;0.208335555556;14.8769265726;1.0;0.462098062975;1.0;12.6064693669;0.912766553182;1.0
143;Evian;data21FB1_2016_Evian;4.13300333333;17.5148907924;1.17731916649;0.485666826656;1.05100381406;15.01466541;0.92417550227;1.01249930669
144;Evian;data21FB1_2016_Evian;8.08055027778;17.0137061715;1.14363044601;0.49141312827;1.06343905687;16.282808158;0.926598755039;1.01515415065
145;Evian;data21FB1_2016_Evian;12.0208405556;17.390356519;1.16894819869;0.461914345211;0.99960242689;15.8100948939;0.904033299277;0.990432105695
146;Evian;data21FB1_2016_Evian;15.9470377778;16.8301098534;1.13128943477;0.46261473032;1.00111809026;16.7116455922;0.908890278475;0.995753268244
147;Evian;data21FB1_2016_Evian;19.8919897222;16.8641581924;1.13357810232;0.473762563616;1.02524247898;16.5506477841;0.905900182892;0.992477408088
148;Evian;data21FB1_2016_Evian;23.8324305556;16.8505995452;1.13266671466;0.469502319888;1.01602312908;16.0792711244;0.917649680193;1.00534980932
149;Evian;data21FB1_2016_Evian;27.7713136111;16.9892733351;1.1419881151;0.446907828085;0.967127681098;16.1861312564;0.889960972625;0.97501488143
150;Evian;data21FB1_2016_Evian;31.6969147222;16.9313768809;1.13809642054;0.455879795888;0.986543403695;15.5499346258;0.897910697828;0.983724364896
151;Evian;data21FB1_2016_Evian;35.6285477778;17.2394626252;1.15880538504;0.450655382878;0.975237550177;15.8715941472;0.905051027485;0.991547098576
152;Evian;data21FB1_2016_Evian;39.5633563889;16.8797531019;1.13462636382;0.450746817358;0.975435418308;14.5710589879;0.893201615544;0.978565233827
153;Evian;data21FB1_2016_Evian;43.5208902778;16.6207217741;1.11721474815;0.46482400478;1.00589905482;15.5076504226;0.904368550492;0.990799396997
154;Evian;data21FB1_2016_Evian;47.4447894444;16.8412681718;1.13203947668;0.46724584577;1.01114002245;15.6997181746;0.906124315961;0.99272296164
155;Evian;data21FB1_2016_Evian;51.3847808333;17.4106373243;1.1703114376;0.456064837177;0.986943840968;16.329513913;0.894557113995;0.98005027778
156;Evian;data21FB1_2016_Evian;55.3322305556;17.5623905343;1.18051201292;0.470766210342;1.01875824216;17.0214646087;0.911277476009;0.998368611154
157;Evian;data21FB1_2016_Evian;59.2683508333;17.5606034523;1.18039188851;0.448779895473;0.971178915107;17.3684117223;0.894570310845;0.980064735858
158;Evian;data21FB1_2016_Evian;63.1901175;17.6109686436;1.18377734525;0.461722214512;0.999186647829;18.0861557884;0.887554212343;0.972378106153
159;Evian;data21FB1_2016_Evian;67.1315825;18.3142609383;1.2310513767;0.472602328377;1.02273168023;20.5244614966;0.906688228427;0.993340767435
160;Evian;data21FB1_2016_Evian;71.0926686111;17.6711298175;1.18782127016;0.463601465583;1.00325342763;18.6163336279;0.905141851447;0.991646602619
161;Evian;data21FB1_2016_Evian;75.0199438889;18.2378247825;1.22591347705;0.458875986151;0.993027287751;20.0699499733;0.906995554951;0.993677465272
162;Evian;data21FB1_2016_Evian;78.95356;18.9208729826;1.27182673722;0.475176666098;1.02830265732;20.7998813319;0.907116988505;0.993810504276
163;Evian;data21FB1_2016_Evian;82.8959647222;20.1299623969;1.35309953294;0.488068365398;1.05620084676;22.4855483101;0.924893853952;1.01328631152
164;Evian;data21FB1_2016_Evian;86.8334327778;19.3204733839;1.29868715084;0.47182952178;1.02105929365;22.0932445413;0.908306515653;0.995113714986
165;Evian;data21FB1_2016_Evian;90.7748102778;17.6845791327;1.18872530871;0.515247833471;1.11501837976;13.3169839976;0.958810844769;1.05044476205
166;Evian;data22FB1_2016_Evian;0.0;17.4396478608;1.0;0.506470707902;1.0;16.5145948456;0.935958341187;1.0
167;Evian;data22FB1_2016_Evian;0.202359166667;17.4396478608;1.0;0.506470707902;1.0;16.5145948456;0.935958341187;1.0
168;Evian;data22FB1_2016_Evian;4.1363675;17.1117907257;0.98120047275;0.485726542536;0.959041727306;14.9898134398;0.936899586057;1.00100564825
169;Evian;data22FB1_2016_Evian;8.07443222222;17.4992597352;1.00341818108;0.452246881666;0.892937882901;15.3134503545;0.932811585274;0.996637931653
170;Evian;data22FB1_2016_Evian;12.0145836111;17.6505846027;1.01209524089;0.407602439092;0.804789759275;15.2815761264;0.884686575658;0.945220034619
171;Evian;data22FB1_2016_Evian;15.9459602778;18.1276465159;1.03945026073;0.466678215038;0.921431798041;14.6363735705;0.929679068107;0.993291076319
172;Evian;data22FB1_2016_Evian;19.8849091667;17.2630065859;0.989871282017;0.442058428624;0.872821313704;14.5438531551;0.923366387308;0.986546459041
173;Evian;data22FB1_2016_Evian;23.8364333333;17.0148543493;0.975642082055;0.432169529939;0.853296198963;14.3031715836;0.926206251864;0.989580637414
174;Evian;data22FB1_2016_Evian;27.76899;19.9349319131;1.14308110302;0.489346791919;0.966189720913;19.1292395838;0.94621612682;1.01095966047
175;Evian;data22FB1_2016_Evian;31.7156536111;18.5978469715;1.06641184042;0.458954432894;0.906181592999;15.9382448569;0.92634495235;0.989728828289
176;Evian;data22FB1_2016_Evian;35.6378122222;18.3231690788;1.05066164323;0.458431548479;0.90514918499;16.1707077375;0.922851012606;0.985995820536
177;Evian;data22FB1_2016_Evian;39.5712341667;18.5277472437;1.06239227945;0.467695330988;0.923440040442;15.6042995859;0.922997898686;0.986152757094
178;Evian;data22FB1_2016_Evian;43.5243111111;17.9285313586;1.02803287668;0.459196207066;0.906658963493;16.2185317895;0.923612150848;0.986809038613
179;Evian;data22FB1_2016_Evian;47.4728338889;18.5383007112;1.06299742169;0.479045805933;0.945850961286;16.8553476806;0.934746037062;0.998704745637
180;Evian;data22FB1_2016_Evian;51.3975183333;18.4166539485;1.05602212243;0.473570585732;0.935040424537;17.3107526256;0.934706813504;0.998662838262
181;Evian;data22FB1_2016_Evian;55.3365516667;18.5609751424;1.06429758734;0.485321700662;0.958242388139;15.9850211949;0.939356018892;1.00363015912
182;Evian;data22FB1_2016_Evian;59.2852688889;19.1695913079;1.0991960079;0.484456950309;0.956534983664;17.6571101962;0.933644048208;0.997527354716
183;Evian;data22FB1_2016_Evian;63.2328555556;18.4585106856;1.05842221316;0.490020335028;0.967519596657;16.9417802937;0.92992388176;0.993552641009
184;Evian;data22FB1_2016_Evian;67.1631077778;18.3943972081;1.05474590742;0.487371291028;0.962289197429;16.2570539628;0.938576258372;1.00279704456
185;Evian;data22FB1_2016_Evian;71.1004808333;18.4527415741;1.0580914088;0.497253281326;0.98180067192;16.6972340305;0.940360470581;1.00470333903
186;Evian;data22FB1_2016_Evian;75.0490355556;17.3505491826;0.994891027677;0.486076084694;0.959731880066;15.7138478693;0.940046355517;1.00436773107
187;Evian;data22FB1_2016_Evian;78.9948105556;17.5884460627;1.00853217927;0.477168471297;0.942144261953;14.3240639254;0.936476668927;1.0005537936
188;Evian;data22FB1_2016_Evian;82.9216958333;20.4024186956;1.16988707905;0.504920780338;0.996939748853;19.4209847611;0.94176839757;1.00620760148
189;Evian;data22FB1_2016_Evian;86.8705161111;18.6635978952;1.07018203831;0.493457152211;0.974305412952;16.6361281062;0.935459479384;0.999467004266
190;Evian;data22FB1_2016_Evian;90.81028;18.1961279185;1.04337702594;0.493778938885;0.974940763958;16.6514441583;0.929708225686;0.993322228965
191;Evian;data22FB1_2016_Evian;94.7676155556;18.4862338736;1.0600118776;0.502103754687;0.991377678615;17.0483547639;0.943486806318;1.00804358998
192;Evian;data22FB1_2016_Evian;98.7002175;18.1230477227;1.03918656313;0.504185582108;0.99548813829;15.2668544775;0.941548894799;1.00597307953
193;Evian;data22FB1_2016_Evian;102.629393611;18.2494920298;1.04643695649;0.503217524955;0.993576759925;15.9920139173;0.939946730546;1.0042612894
194;Evian;data22FB1_2016_Evian;106.578658056;17.5762555022;1.00783316512;0.488241010902;0.964006413963;14.8400042772;0.936177287615;1.00023392754
195;Evian;data22FB1_2016_Evian;110.5243825;17.645400847;1.01179800119;0.506387330878;0.999835376414;15.011675828;0.94317430231;1.00770970331
196;Evian;data22FB1_2016_Evian;114.460693333;17.369944027;0.996003139836;0.496727273584;0.980762097065;14.521743775;0.940331977137;1.00467289596
197;Evian;data22FB1_2016_Evian;118.401779444;17.0353828898;0.976819201038;0.46462114431;0.917370219167;14.6468957157;0.912427434018;0.974859022958
198;Evian;data22FB1_2016_Evian;122.350373056;16.8624770918;0.966904677571;0.503986166351;0.995094402278;14.3795911663;0.942393753192;1.0068757462
199;Evian;data22FB1_2016_Evian;126.291891667;17.3114016946;0.992646286937;0.502958927555;0.993066172847;15.0720244504;0.940812837676;1.00518665872
200;Evian;data22FB1_2016_Evian;130.215243611;17.9026994194;1.02655165759;0.506648663506;1.00035136406;14.7183490696;0.940866618235;1.00524411914
201;Evian;data22FB1_2016_Evian;134.18495;17.4202616713;0.998888384117;0.505259002482;0.997607550838;15.5474779841;0.946887489103;1.01167695979
202;T3_325;data13FB1_2016_T3;0.0;17.4409980389;1.0;0.450243923602;1.0;14.7135584329;0.925761416005;1.0
203;T3_325;data13FB1_2016_T3;0.205325;17.4409980389;1.0;0.450243923602;1.0;14.7135584329;0.925761416005;1.0
204;T3_325;data13FB1_2016_T3;4.15421805556;17.0098755431;0.975281087994;0.440293906422;0.977900829621;14.1613540437;0.925251299863;0.999448976666
205;T3_325;data13FB1_2016_T3;8.09899027778;17.7669925183;1.01869127435;0.457961939143;1.01714185386;14.2501665236;0.929616537453;1.00416427103
206;T3_325;data13FB1_2016_T3;12.0473269444;17.29717877;0.991753954184;0.459289066609;1.02008942827;13.843608938;0.931332910762;1.00601828361
207;T3_325;data13FB1_2016_T3;15.9899413889;17.1796379104;0.985014611665;0.462641891629;1.02753611404;13.498008562;0.935092655989;1.01007953002
208;T3_325;data13FB1_2016_T3;19.9302213889;18.2052288278;1.04381806518;0.46998240257;1.04383952327;13.4839694522;0.936982807907;1.01212125685
209;T3_325;data13FB1_2016_T3;23.8778619444;18.1240440611;1.03916324173;0.469662830379;1.04312974759;13.1078983742;0.935060174726;1.01004444402
210;T3_325;data13FB1_2016_T3;27.8197188889;18.3773037222;1.0536841803;0.475740558771;1.05662849365;13.1679332139;0.935783568172;1.01082584778
211;T3_325;data13FB1_2016_T3;31.7613672222;18.3131990256;1.05000866262;0.459563491993;1.02069893207;12.9006147343;0.928736859001;1.00321404948
212;T3_325;data13FB1_2016_T3;35.7203266667;18.5175597299;1.06172592237;0.460650015207;1.02311212003;12.5533960388;0.930870963917;1.00551929236
213;T3_325;data13FB1_2016_T3;39.6641608333;18.860927214;1.08141329825;0.458755465413;1.01890429024;13.2895092725;0.933439000523;1.00829326475
214;T3_325;data13FB1_2016_T3;43.6107616667;19.7292361831;1.13119880749;0.482973128835;1.07269216422;13.3537110667;0.943477460863;1.01913672848
215;T3_325;data13FB1_2016_T3;47.5554161111;20.6917931941;1.18638813833;0.476492529081;1.05829863348;13.700869747;0.935363761931;1.01037237647
216;T3_325;data13FB1_2016_T3;51.5025708333;20.9810553964;1.20297332466;0.467176722246;1.03760805589;13.587606622;0.929930238494;1.00450312836
217;T3_325;data13FB1_2016_T3;55.4510138889;21.2328879366;1.21741243759;0.456838951665;1.01464767811;13.6630327954;0.930758442915;1.00539774808
218;T3_325;data13FB1_2016_T3;59.3951663889;20.1146269809;1.15329563916;0.444485042398;0.98720941938;15.2545134478;0.913264563081;0.986501000465
219;T3_325;data13FB1_2016_T3;63.3372311111;21.8995253829;1.25563487445;0.46663550394;1.03640600012;14.5204002637;0.935074910992;1.01006036202
220;T3_325;data13FB1_2016_T3;67.2807822222;21.7643454137;1.24788417297;0.453750123942;1.00778733517;14.0319521735;0.929618268698;1.00416614111
221;T3_325;data13FB1_2016_T3;71.2218925;23.4749203208;1.34596198385;0.455245239606;1.01110801444;15.4771064565;0.923820562333;0.997903505549
222;T3_325;data13FB1_2016_T3;75.1804180556;23.7460065939;1.36150503204;0.444651983558;0.987580198754;15.4426153849;0.919184271498;0.992895421657
223;T3_325;data13FB1_2016_T3;79.1298666667;23.4305479807;1.34341784389;0.436157247809;0.968713235084;15.1400898796;0.918290427059;0.991929898118
224;T3_325;data13FB1_2016_T3;83.0671466667;23.237522904;1.33235052559;0.427064720535;0.948518565489;15.0209462412;0.910029513417;0.983006525963
225;T3_325;data13FB1_2016_T3;87.0098477778;23.70934429;1.35940295601;0.412682150555;0.916574614164;15.488564796;0.907401985886;0.980168291958
226;T3_325;data13FB1_2016_T3;90.9635877778;23.3304410129;1.33767809392;0.421709709764;0.936624988495;15.3577677658;0.909268841077;0.982184853848
227;T3_325;data13FB1_2016_T3;94.9142794444;24.0398420593;1.37835243176;0.419455571472;0.931618506069;16.3886024269;0.908585158768;0.981446345743
228;T3_325;data13FB1_2016_T3;98.8328536111;23.64294389;1.3555958115;0.410946334474;0.912719334859;15.4550798964;0.902723011113;0.975114101222
229;T3_325;data13FB1_2016_T3;102.805848889;23.3941756571;1.34133239422;0.410533878253;0.911803262038;15.5329163203;0.900746687963;0.972979292927
230;T3_325;data13FB1_2016_T3;106.753232222;22.2575831625;1.27616453558;0.409899234487;0.910393706612;14.8501004298;0.899231646002;0.971342756844
231;T3_325;data13FB1_2016_T3;110.690228889;23.2212577673;1.33141794497;0.405137378176;0.899817536537;16.1549805876;0.902157227276;0.974502946093
232;T3_325;data13FB1_2016_T3;114.637405833;22.507029853;1.29046685303;0.40493332146;0.899364322833;15.1473688725;0.900012433604;0.972186157302
233;T3_325;data13FB1_2016_T3;118.593550278;22.547366585;1.29277960668;0.393935634689;0.874938259107;15.6731720416;0.894224057851;0.965933600593
234;T3_325;data13FB1_2016_T3;137.149671944;22.039955276;1.26368658645;0.387189316894;0.859954563733;15.2814987233;0.896869195716;0.968790857138
235;T3_325;data13FB1_2016_T3;141.100830833;21.9200617117;1.25681234885;0.387147383487;0.859861428867;15.2778104191;0.893073300521;0.964690561825
236;T3_325;data13FB1_2016_T3;145.053075278;21.2071889906;1.21593895849;0.390050078441;0.86630836752;14.6873431802;0.888684643666;0.959949970157
237;T3_325;data13FB1_2016_T3;148.99232;21.5158438655;1.23363604637;0.386686856061;0.85883858902;14.613276912;0.891036004486;0.962489891113
238;T3_325;data13FB1_2016_T3;152.937392222;20.9543207298;1.20144046132;0.380984404057;0.846173338685;14.7618665083;0.890541829119;0.961956086875
239;T3_325;data13FB1_2016_T3;156.88066;22.3543975653;1.28171550249;0.378833083086;0.841395215409;15.5770724585;0.893495855363;0.96514700215
240;T3_325;data41FB1_2015_T3;0.0;15.2290735689;1.0;0.00755523930141;1.0;7760.45826893;0.306276580352;1.0
241;T3_325;data41FB1_2015_T3;0.212420555556;15.2290735689;1.0;0.00755523930141;1.0;7760.45826893;0.306276580352;1.0
242;T3_325;data41FB1_2015_T3;4.16061722222;12.2471167798;0.804193158851;0.00499641030678;0.661317280294;7668.97833066;0.301640060071;0.984861655844
243;T3_325;data41FB1_2015_T3;8.10834805556;14.9365927526;0.980794575913;0.00843018560845;1.11580656444;7747.77287066;0.308204324605;1.00629412883
244;T3_325;data41FB1_2015_T3;12.0547466667;15.1708038946;0.996173787322;0.00853397053561;1.12954337979;7864.04029071;0.312275053779;1.01958515215
245;T3_325;data41FB1_2015_T3;16.0015377778;15.7945743915;1.03713297595;0.00886268197686;1.17305112695;7482.390625;0.300382432221;0.980755472311
246;T3_325;data41FB1_2015_T3;19.9344694444;16.5174406414;1.08459917582;0.00902959314754;1.19514323601;7351.09398496;0.296560133463;0.968275579944
247;T3_325;data41FB1_2015_T3;26.1810666667;14.6369926757;0.961121673581;0.00696932260811;0.92244895629;7243.47261411;0.284035025437;0.927380817401
248;T3_325;data41FB1_2015_T3;30.2040175;12.5881834057;0.826588915521;0.00426547977252;0.564572424824;7283.88341346;0.285538422915;0.932289444355
249;T3_325;data41FB1_2015_T3;34.1396694444;13.1170503022;0.861316365884;0.0044700526912;0.591649385661;7342.8086771;0.2879025948;0.940008519325
250;T3_325;data41FB1_2015_T3;38.0785902778;12.1975540656;0.800938678932;0.0035721577545;0.472805375448;7172.4335443;0.281365250367;0.918663941082
251;T3_325;data41FB1_2015_T3;42.0528802778;12.7290904826;0.83584142036;0.00391265535968;0.517873121365;6850.31646217;0.270692861801;0.883818349709
252;T3_325;data41FB1_2015_T3;46.0059116667;13.1039846025;0.860458421399;0.00490911558238;0.649763083144;7625.54512894;0.298972309678;0.976151390142
253;T3_325;data41FB1_2015_T3;49.9395675;12.9725914539;0.851830637971;0.00523935319194;0.693472831623;7433.97888889;0.292701613443;0.955677424329
254;T3_325;data41FB1_2015_T3;53.9044458333;12.9635427834;0.851236467192;0.00562175255096;0.744086630043;7639.46161228;0.300558271438;0.981329591355
255;T3_325;data41FB1_2015_T3;57.9035216667;13.137244617;0.862642402871;0.00585948623568;0.775552699514;7256.32526178;0.288602562075;0.942293928396
256;T3_325;data41FB1_2015_T3;61.8376994444;12.9995364645;0.853599951808;0.00623337089044;0.825039504609;7574.025;0.299985597628;0.979459798341
257;T3_325;data41FB1_2015_T3;65.8039452778;12.9448454232;0.850008726048;0.00586831468964;0.776721220273;7679.41785714;0.304105410171;0.992911079985
258;T3_325;data41FB1_2015_T3;69.7499716667;11.5482531456;0.758303063766;0.00407776718408;0.539727071691;7425.29971591;0.2913591107;0.951294122345
259;T3_325;data41FB1_2015_T3;73.6914413889;12.2243044075;0.802695210062;0.00523719800536;0.6931875744;7695.90982405;0.302850986427;0.988815357932
260;T3_325;data41FB1_2015_T3;77.6470361111;12.7692352164;0.838477479185;0.00563071270742;0.745272582745;7610.62639405;0.3014552684;0.984258306833
261;T3_325;data41FB1_2015_T3;81.6215444444;12.8123238161;0.841306843655;0.00558351232063;0.739025211232;7360.40600316;0.292881672536;0.956265321362
262;T3_325;data41FB1_2015_T3;85.5620291667;12.6549692038;0.830974329894;0.00584126376426;0.773140800871;7657.01816239;0.303078363228;0.989557748359
263;T3_325;data41FB1_2015_T3;89.5029438889;12.7006260706;0.833972336737;0.00621232703916;0.822254172413;7771.6399287;0.307423544416;1.00374486375
264;T3_325;data41FB1_2015_T3;93.455655;13.0468766349;0.856708490889;0.00535388989124;0.708632735199;7395.89037433;0.293320290647;0.957697419471
265;T3_325;data41FB1_2015_T3;96.9026747222;12.5596825018;0.824717435696;0.00605506232243;0.80143885334;7735.54554656;0.305860475573;0.998641408434
266;T3_325;data41FB1_2015_T3;100.833984167;11.7705489586;0.772899868486;0.00476372317886;0.630519165418;7404.46070461;0.293308628292;0.957659341616
267;T3_325;data41FB1_2015_T3;104.769259722;12.832531937;0.842633787205;0.00576171047965;0.762611248934;7604.85651794;0.302408819538;0.987371672984
268;T3_325;data41FB1_2015_T3;108.716426111;12.7059803155;0.83432391721;0.0062181661269;0.823027025198;7484.35729499;0.298358560912;0.974147486462
269;T3_325;data41FB1_2015_T3;112.660244722;13.138030403;0.862694000628;0.00702068708861;0.929247480924;7643.18148488;0.305227489148;0.996574693362
270;T3_325;data41FB1_2015_T3;116.598686389;13.029926153;0.855595456545;0.00645608126008;0.854517110911;7651.22381546;0.305281761718;0.996751894538
271;T3_325;data41FB1_2015_T3;120.528650556;13.066138372;0.857973291212;0.00663584080656;0.878309811488;7660.3977395;0.305526031407;0.997549440628
272;T3_325;data41FB1_2015_T3;124.476498889;13.4597562287;0.883819765387;0.00739403550926;0.978663310887;7690.45994914;0.30830659389;1.00662804037
273;T3_325;data41FB1_2015_T3;128.322331111;13.9552692321;0.91635706985;0.00798726546594;1.05718232703;7662.11336254;0.308379051199;1.00686461513
274;T3_325;data41FB1_2015_T3;132.367263611;14.6369000869;0.961115593843;0.00986163709151;1.30527130883;7590.01687764;0.30809335059;1.00593179614
275;T3_325;data41FB1_2015_T3;136.298198889;15.2144954282;0.999042742771;0.011751686434;1.55543536944;7863.27182867;0.319657802207;1.04368999367
276;T3_325;data41FB1_2015_T3;140.239683056;14.6393405436;0.961275843693;0.00913280397231;1.20880406404;7433.14605263;0.302439650156;0.987472335653
277;T3_325;data41FB1_2015_T3;144.186962222;15.6671498444;1.02876578627;0.0121908275384;1.61355941911;7765.06164384;0.316662928214;1.03391166197
278;T3_325;data41FB1_2015_T3;148.127365833;15.8328575673;1.03964679766;0.012839055577;1.69935789785;7592.89788054;0.311469063733;1.01695357632
279;T3_325;data41FB1_2015_T3;152.057426389;16.8011149233;1.10322632872;0.0135401505179;1.7921537595;7714.94017094;0.317544526876;1.03679010165
280;T3_325;data41FB1_2015_T3;155.999796389;17.806174121;1.16922241136;0.0144261099488;1.90941800428;7280.34330986;0.30365877573;0.991452808378
281;T3_325;data41FB1_2015_T3;159.932384444;15.7154714667;1.0319387713;0.0107782527257;1.42659316214;7506.7375;0.308083306484;1.00589900191
282;T3_325;data41FB1_2015_T3;163.876853333;14.305232301;0.939337001443;0.00981011863468;1.29845240413;6968.04957047;0.287395886057;0.938354103756
283;T3_325;data43FB1_2015_T3;0.0;35.1108047595;1.0;0.06512925087;1.0;6873.57918149;0.285265109838;1.0
284;T3_325;data43FB1_2015_T3;0.1953975;35.1108047595;1.0;0.06512925087;1.0;6873.57918149;0.285265109838;1.0
285;T3_325;data43FB1_2015_T3;4.12543138889;27.5452354384;0.784523044319;0.0346596349967;0.532166953155;7029.38562753;0.287043862775;1.00623543811
286;T3_325;data43FB1_2015_T3;8.07914833333;24.4294950526;0.695782828673;0.0257883802615;0.395956961228;7082.06396867;0.28947335495;1.01475204982
287;T3_325;data43FB1_2015_T3;12.0071658333;26.1152049763;0.743793973255;0.0370596280923;0.56901664916;7176.24639769;0.293679020568;1.0294950572
288;T3_325;data43FB1_2015_T3;15.9507394444;29.0474647162;0.827308428707;0.0402989253224;0.618753091494;7127.46715928;0.295158004923;1.03467965322
289;T3_325;data43FB1_2015_T3;19.8735022222;28.8491881316;0.821661261516;0.0446976246714;0.68629109155;7464.40497076;0.308741146158;1.08229550517
290;T3_325;data43FB1_2015_T3;23.8143525;21.0469433688;0.599443490769;0.0232706393486;0.357299355324;7402.52873563;0.304398618986;1.0670727281
291;T3_325;data43FB1_2015_T3;27.7642427778;21.3431419104;0.607879598789;0.0225768486501;0.346646834541;7648.35700758;0.312798142447;1.09651735056
292;T3_325;data43FB1_2015_T3;31.6982738889;18.4213532949;0.524663374167;0.019207487352;0.294913377559;7963.41255605;0.324625102956;1.13797689153
293;T3_325;data43FB1_2015_T3;35.6258883333;19.0728225186;0.54321803927;0.0164629704733;0.252773834389;7465.89772727;0.30643462401;1.07420996625
294;T3_325;data43FB1_2015_T3;47.0687875;18.295339467;0.521074341427;0.0131385361176;0.201730189464;7449.28189493;0.300421363162;1.05313041379
295;T3_325;data43FB1_2015_T3;50.9969780556;17.535044608;0.499420184985;0.0216175357711;0.331917463848;7946.31617647;0.322253751666;1.12966409334
296;T3_325;data43FB1_2015_T3;54.9335661111;16.6204300677;0.473370809401;0.0184580811518;0.283406931682;8073.76530612;0.327238686097;1.14713883616
297;T3_325;data43FB1_2015_T3;58.8009155556;14.9647151517;0.426213960466;0.00856768087747;0.131548893362;7252.32692308;0.29217036303;1.0242064415
298;T3_325;data43FB1_2015_T3;62.8028988889;19.7746410961;0.563206717464;0.0149793020537;0.22999346459;7583.79310345;0.307995959138;1.07968324382
299;T3_325;data43FB1_2015_T3;70.6813902778;17.7782391017;0.506346670875;0.0131357486333;0.201687390195;7884.35;0.317496593949;1.11298782431
300;T3_325;data43FB1_2015_T3;74.6355927778;16.3234872792;0.464913504289;0.0112149880562;0.172195870618;8039.68134715;0.320617489039;1.12392815659
301;T3_325;data43FB1_2015_T3;78.5837944444;15.7132330998;0.447532695631;0.0142601171024;0.218951038311;8912.39915966;0.352116494502;1.23434826889
302;T3_325;data43FB1_2015_T3;82.4043622222;13.0895887752;0.372807996424;0.00447452874654;0.0687022910102;6684.85714286;0.268511597838;0.94127037825
303;T3_325;data43FB1_2015_T3;86.2662375;20.5669231892;0.585771910672;0.0315737074239;0.484785361448;8619.25;0.352611690102;1.23608418254
304;T3_325;data43FB1_2015_T3;90.3867980556;26.6874907891;0.76009339495;0.0689407124073;1.05852150127;9911.43333333;0.39795710375;1.39504303199
305;T3_325;data43FB1_2015_T3;94.4104911111;20.5544792048;0.585417490303;0.0720775024279;1.10668403928;9467.91081594;0.385459598222;1.35123288804
306;T3_325;data43FB1_2015_T3;98.3130086111;15.9103097475;0.453145687102;0.0200677609407;0.308122090653;9300.1765625;0.371446603375;1.3021101795
307;T3_325;data43FB1_2015_T3;102.299283333;16.7392492099;0.476754928419;0.0297072205941;0.456127165557;9611.93589744;0.385179898024;1.3502523959
308;T3_325;data43FB1_2015_T3;106.080063056;15.408419023;0.438851206304;0.0258587318649;0.397037145667;9451.99509804;0.380935372793;1.33537316572
309;T3_325;data43FB1_2015_T3;110.187801389;16.7705857259;0.477647431917;0.0233442473118;0.358429538188;8211.19811321;0.33844645058;1.18642777861
310;T3_325;data43FB1_2015_T3;114.109712778;24.7399947633;0.704626252024;0.0447960032243;0.687801604132;9044.08666667;0.364905456686;1.27918011738
311;T3_325;data43FB1_2015_T3;118.042299167;17.7871971848;0.506601808379;0.0234569533687;0.360160036471;7736.82;0.321878101645;1.12834724803
312;T3_325;data43FB1_2015_T3;121.981708333;15.440497631;0.439764845514;0.0257937699085;0.396039714322;7783.81428571;0.323977633386;1.13570717979
313;T3_325;data43FB1_2015_T3;125.919978889;17.4277175243;0.496363374286;0.0291061085758;0.446897641029;8973.94366197;0.3655139397;1.28131316132
314;T3_325;data43FB1_2015_T3;129.890439722;20.2924545373;0.577954697315;0.0536725053652;0.824092165168;9184.74299065;0.380734677312;1.33466962549
315;T3_325;data43FB1_2015_T3;136.760018333;19.3914386743;0.552292629211;0.0474910792208;0.729182027836;8380.17482517;0.351609133372;1.23256970883
316;T3_325;data43FB1_2015_T3;140.649918611;19.7133309265;0.56146052651;0.0621553381587;0.954338293908;9192.46428571;0.38206739286;1.33934147459
317;T3_325;data43FB1_2015_T3;144.600905556;17.4144054265;0.49598422895;0.0413376410992;0.634701620962;8957.41666667;0.370817126167;1.29990354018
318;T3_325;data43FB1_2015_T3;148.590715278;22.2710607942;0.634307898857;0.0640672646216;0.983694173752;8152.65263158;0.347701316644;1.21887081404
319;T3_325;data43FB1_2015_T3;152.47172;19.7254480489;0.561805637437;0.0564733040327;0.867095863662;9277.07575758;0.384011641105;1.34615705834
320;T3_325;data43FB1_2015_T3;156.447193056;23.0666916258;0.656968468363;0.0736036827837;1.13011714092;9206.64678899;0.38427899275;1.34709426249
321;T3_325;data43FB1_2015_T3;160.380445833;23.8556957415;0.679440300641;0.0604707289792;0.928472662766;7564.31460674;0.326324869612;1.14393544236
322;T3_325;data46FB1_2015_T3;0.0;29.2666570851;1.0;0.0378303588881;1.0;6476.22706935;0.270568361216;1.0
323;T3_325;data46FB1_2015_T3;0.186345555556;29.2666570851;1.0;0.0378303588881;1.0;6476.22706935;0.270568361216;1.0
324;T3_325;data46FB1_2015_T3;4.14657694444;27.2064391006;0.929605285;0.0295958571346;0.782330858191;6278.72958057;0.25270708482;0.93398608649
325;T3_325;data46FB1_2015_T3;8.09864138889;29.4221834575;1.00531411469;0.0381438364459;1.0082864019;6745.27655987;0.276087153417;1.02039703451
326;T3_325;data46FB1_2015_T3;12.0465747222;30.8095741623;1.05271927958;0.0402361185979;1.06359336206;6403.09807956;0.268125479344;0.990971295161
327;T3_325;data46FB1_2015_T3;15.9747988889;28.6071986868;0.977467245529;0.0443135547737;1.17137547928;6271.72902098;0.265478459429;0.981188111705
328;T3_325;data46FB1_2015_T3;19.9284225;23.3113418209;0.796515357154;0.029182235666;0.771397272553;6605.53485255;0.276991715733;1.02374022775
329;T3_325;data46FB1_2015_T3;23.8811952778;20.9459692426;0.715693944195;0.0223611967362;0.591091319073;6485.96462715;0.271335921224;1.00283684317
330;T3_325;data46FB1_2015_T3;27.8293094444;19.0736531289;0.651719568565;0.0176256013881;0.465911556385;6584.11189516;0.273971430794;1.01257748527
331;T3_325;data46FB1_2015_T3;31.7755633333;20.078166449;0.686042358394;0.0218177002354;0.576724643294;6901.01222494;0.288241814688;1.06531973433
332;T3_325;data46FB1_2015_T3;35.7221219444;16.6943038089;0.570420590243;0.0146722120635;0.387842264645;6671.38196481;0.276442086522;1.02170884016
333;T3_325;data46FB1_2015_T3;39.6677838889;17.3849830307;0.594020115796;0.0166440470926;0.439965350099;6639.11751152;0.277320774217;1.02495640278
334;T3_325;data46FB1_2015_T3;43.6065794444;18.8525186132;0.644163717036;0.0230055624073;0.608124349953;6884.08942308;0.289105702272;1.06851259686
335;T3_325;data46FB1_2015_T3;47.5347194444;17.5317925929;0.599036389498;0.0200116771064;0.528984595828;6656.45348837;0.280671358634;1.0373399069
336;T3_325;data46FB1_2015_T3;51.5064852778;18.6057320319;0.635731370952;0.0250974440739;0.663420723767;6862.69644903;0.289069437758;1.06837856599
337;T3_325;data46FB1_2015_T3;55.4483338889;18.8994048734;0.645765753786;0.0278992740974;0.737483727816;7439.14092664;0.312037607319;1.15326716663
338;T3_325;data46FB1_2015_T3;59.3974;19.1723501407;0.655091904925;0.0253117382402;0.669085332102;6614.50954479;0.28098067116;1.03848310238
339;T3_325;data46FB1_2015_T3;63.3455211111;17.9663050235;0.61388306055;0.0254889696733;0.673770231699;7074.12832447;0.29650632267;1.09586472467
340;T3_325;data46FB1_2015_T3;67.2738975;18.72036581;0.639648243924;0.0273499828045;0.722963873681;7015.78851541;0.296887017439;1.09727174347
341;T3_325;data46FB1_2015_T3;71.2211669444;19.969793104;0.682339395509;0.0349512299242;0.923893691509;7060.51274788;0.300471392596;1.11051932031
342;T3_325;data46FB1_2015_T3;75.1614730556;20.6457429174;0.705435638151;0.0380145175372;1.00486801221;7320.86273006;0.310774926243;1.1486003938
343;T3_325;data46FB1_2015_T3;79.1197122222;20.1580292021;0.68877115495;0.0363149441213;0.959941834775;7144.74337517;0.304140961204;1.12408176565
344;T3_325;data46FB1_2015_T3;83.0504338889;21.9955591542;0.751556936968;0.0531703923089;1.40549531835;7658.71145374;0.326039035863;1.20501537725
345;T3_325;data46FB1_2015_T3;89.6260702778;20.2063423079;0.690421944985;0.0442678719906;1.17016790989;7092.73779385;0.302846328629;1.11929690252
346;T3_325;data46FB1_2015_T3;93.5885680556;23.0351562618;0.787078489859;0.0587229272125;1.55226989483;7082.35151515;0.306251760577;1.13188311893
347;T3_325;data46FB1_2015_T3;97.5241644444;21.5603421882;0.736686192943;0.0560217006225;1.48086622144;7263.7296173;0.311840180391;1.15253749178
348;T3_325;data46FB1_2015_T3;101.472627778;21.8312540013;0.745942863847;0.0456579225716;1.20691222377;6819.70295699;0.294488850647;1.08840830215
349;T3_325;data46FB1_2015_T3;105.414511667;21.8678967357;0.747194893905;0.0613587881024;1.62194570461;7352.45367133;0.315789965913;1.16713559743
350;T3_325;data46FB1_2015_T3;109.375527778;22.0200499945;0.75239375411;0.0542864575609;1.43499715986;6944.92832168;0.300224482171;1.10960675824
351;T3_325;data46FB1_2015_T3;113.332962222;24.0179856891;0.820660371946;0.069662294202;1.84143889325;7072.6129771;0.307334412048;1.13588451609
352;T3_325;data46FB1_2015_T3;117.2649175;22.46687334;0.767661071595;0.0625414857289;1.65320889273;6902.04927007;0.298925598717;1.10480618419
353;T3_325;data46FB1_2015_T3;121.214539167;21.774208403;0.743993696979;0.0543758034603;1.43735891116;6902.33616299;0.297516133292;1.09959690762
354;T3_325;data46FB1_2015_T3;125.174180833;24.2420218263;0.828315367752;0.0757274313937;2.00176349417;6997.86528497;0.303669209982;1.12233820916
355;T3_325;data46FB1_2015_T3;129.121955;23.0630462268;0.788031450252;0.0634635994498;1.67758385897;7097.84971645;0.306846435407;1.13408099169
356;T3_325;data46FB1_2015_T3;133.0652375;23.7122359176;0.810213337609;0.0691326578993;1.82743859512;6863.13333333;0.298077052643;1.1016700227
357;T3_325;data46FB1_2015_T3;137.018543611;22.3722656097;0.764428460162;0.0530787182467;1.40307202487;6673.7525;0.289081862106;1.06842448543
358;T3_325;data46FB1_2015_T3;140.968077222;22.0319272235;0.752799582111;0.0493389173828;1.30421489071;6663.56190476;0.288496938621;1.0662626529
359;T3_325;data46FB1_2015_T3;144.905834167;23.9962271855;0.819916914859;0.0587759436088;1.55367131944;6631.56712963;0.288949968347;1.06793701617
360;T3_325;data46FB1_2015_T3;148.861550556;22.7504875498;0.777351765309;0.0521939393799;1.37968396055;6552.40835411;0.284886448218;1.0529185561
361;T3_325;data46FB1_2015_T3;152.801201389;23.162470353;0.791428631074;0.0550318519559;1.45470076344;6788.20194175;0.294023114722;1.08668697774
362;T3_225;data31FB1_2016_T3;0.0;15.5767360838;1.0;0.451516524619;1.0;13.548141719;0.897300387923;1.0
363;T3_225;data31FB1_2016_T3;0.205183611111;15.5767360838;1.0;0.451516524619;1.0;13.548141719;0.897300387923;1.0
364;T3_225;data31FB1_2016_T3;4.12943194444;16.086050704;1.03269713356;0.45897060457;1.01650898593;13.1053970078;0.917819526571;1.02286763599
365;T3_225;data31FB1_2016_T3;8.07882527778;15.0494564659;0.966149544097;0.448091685676;0.9924148093;11.685759222;0.912913901322;1.01740054235
366;T3_225;data31FB1_2016_T3;12.0076825;15.5759709467;0.999950879496;0.449285158254;0.995058062676;12.3887723468;0.916015143273;1.02085673382
367;T3_225;data31FB1_2016_T3;15.9625325;15.8420416404;1.01703216612;0.440382637044;0.975341129354;12.5221085466;0.909509485507;1.01360647755
368;T3_225;data31FB1_2016_T3;19.8755341667;16.3372965159;1.04882668796;0.448429187834;0.993162295028;13.3521599762;0.911892727764;1.0162624914
369;T3_225;data31FB1_2016_T3;23.8294883333;16.2656170523;1.04422498814;0.440053001801;0.974611066941;12.5586778957;0.918720415945;1.02387163575
370;T3_225;data31FB1_2016_T3;27.7740041667;17.4263084439;1.11873940408;0.460633460303;1.02019180957;13.6901347557;0.924139715703;1.02991119601
371;T3_225;data31FB1_2016_T3;31.7025366667;17.7378840566;1.13874202921;0.458215179627;1.01483590222;14.2536105053;0.923871964917;1.02961280007
372;T3_225;data31FB1_2016_T3;35.6514577778;18.4172854228;1.18235844298;0.460303739518;1.01946155771;14.7608571476;0.926240559189;1.03225248942
373;T3_225;data31FB1_2016_T3;39.5821669444;18.0780445062;1.16057975233;0.458581050694;1.01564621822;13.8789983699;0.924007285516;1.02976360866
374;T3_225;data31FB1_2016_T3;43.5276380556;18.7766823801;1.20543111721;0.458141058891;1.01467174269;14.3854177866;0.923950362442;1.02970017051
375;T3_225;data31FB1_2016_T3;47.4809619444;20.2797786174;1.30192734269;0.469188723878;1.03913965114;15.9046625457;0.921777101617;1.02727817131
376;T3_225;data31FB1_2016_T3;51.4197038889;20.444427193;1.31249750159;0.460819094376;1.02060294419;15.3518153425;0.921746373976;1.02724392676
377;T3_225;data31FB1_2016_T3;55.3433438889;21.352416381;1.37078886528;0.472911577725;1.04738487284;15.3681897868;0.922362630833;1.02793071668
378;T3_225;data31FB1_2016_T3;59.2855319444;21.4619294938;1.37781942111;0.479686379984;1.06238942282;15.4035640677;0.924272290288;1.03005894428
379;T3_225;data31FB1_2016_T3;63.2267244444;21.4984398518;1.38016332408;0.475360556416;1.05280876889;15.4816278881;0.921517422205;1.02698877055
380;T3_225;data31FB1_2016_T3;67.1839125;21.9634017177;1.41001308615;0.474505308831;1.05091460214;15.9176388864;0.924633205149;1.03046116729
