"X","classe","semaine_et_FB","delta_to_hours","mean_essai_sem","moy_norm_essai","entropie_essai_sem","entropie_norm_essai","sigma_essai_sem","solidite_essai_sem","solidite_norm_essai"
242,"3","data41FB1_2015_T3",4.16061722222,12.2471167798,0.804193158851,0.00499641030678,0.661317280294,7668.97833066,0.301640060071,0.984861655844
183,"1","data22FB1_2016_Evian",63.2328555556,18.4585106856,1.05842221316,0.490020335028,0.967519596657,16.9417802937,0.92992388176,0.993552641009
58,"1","data10FB1_2016_Evian",108.620511111,16.6236144781,0.788796016759,0.464986250611,0.95528743967,11.2753167662,0.932530839977,1.0048467524
40,"1","data10FB1_2016_Evian",37.5988522222,17.7755005244,0.843453391437,0.467311400351,0.960064325738,12.319767976,0.94669762886,1.02011214759
239,"3","data13FB1_2016_T3",156.88066,22.3543975653,1.28171550249,0.378833083086,0.841395215409,15.5770724585,0.893495855363,0.96514700215
281,"3","data41FB1_2015_T3",159.932384444,15.7154714667,1.0319387713,0.0107782527257,1.42659316214,7506.7375,0.308083306484,1.00589900191
101,"1","data11FB1_2016_Evian",118.0143075,20.9306804935,0.959750571332,0.503368369216,0.975131683457,18.2321272257,0.931177388616,1.00004174328
344,"3","data46FB1_2015_T3",83.0504338889,21.9955591542,0.751556936968,0.0531703923089,1.40549531835,7658.71145374,0.326039035863,1.20501537725
112,"1","data14FB1_2016_Evian",0,16.6932900177,1,0.452065074441,1,16.4366506424,0.916158523373,1
299,"3","data43FB1_2015_T3",70.6813902778,17.7782391017,0.506346670875,0.0131357486333,0.201687390195,7884.35,0.317496593949,1.11298782431
148,"1","data21FB1_2016_Evian",23.8324305556,16.8505995452,1.13266671466,0.469502319888,1.01602312908,16.0792711244,0.917649680193,1.00534980932
305,"3","data43FB1_2015_T3",94.4104911111,20.5544792048,0.585417490303,0.0720775024279,1.10668403928,9467.91081594,0.385459598222,1.35123288804
85,"1","data11FB1_2016_Evian",55.0412327778,21.0995115723,0.967492112479,0.530202146798,1.02711442275,18.4640399242,0.941153877278,1.01075603385
1,"1","data01FB1_2016_Evian",0.269853055556,23.7288213317,1,0.159382283903,1,3734.53417961,0.578943669511,1
109,"1","data11FB1_2016_Evian",149.573119722,20.9608583803,0.961134341156,0.527745505691,1.02235538598,18.4323504979,0.9419713611,1.01163397393
212,"3","data13FB1_2016_T3",35.7203266667,18.5175597299,1.06172592237,0.460650015207,1.02311212003,12.5533960388,0.930870963917,1.00551929236
123,"1","data14FB1_2016_Evian",39.5772866667,19.4089966117,1.1626825264,0.506296068071,1.11996280336,16.6367845787,0.93863202561,1.02453014589
223,"3","data13FB1_2016_T3",79.1298666667,23.4305479807,1.34341784389,0.436157247809,0.968713235084,15.1400898796,0.918290427059,0.991929898118
358,"3","data46FB1_2015_T3",140.968077222,22.0319272235,0.752799582111,0.0493389173828,1.30421489071,6663.56190476,0.288496938621,1.0662626529
185,"1","data22FB1_2016_Evian",71.1004808333,18.4527415741,1.0580914088,0.497253281326,0.98180067192,16.6972340305,0.940360470581,1.00470333903
22,"1","data01FB1_2016_Evian",84.4436919444,14.9464248398,0.629884840503,0.00756989366226,0.0474952013291,7021.80254777,0.280833569238,0.485079264231
146,"1","data21FB1_2016_Evian",15.9470377778,16.8301098534,1.13128943477,0.46261473032,1.00111809026,16.7116455922,0.908890278475,0.995753268244
205,"3","data13FB1_2016_T3",8.09899027778,17.7669925183,1.01869127435,0.457961939143,1.01714185386,14.2501665236,0.929616537453,1.00416427103
302,"3","data43FB1_2015_T3",82.4043622222,13.0895887752,0.372807996424,0.00447452874654,0.0687022910102,6684.85714286,0.268511597838,0.94127037825
178,"1","data22FB1_2016_Evian",43.5243111111,17.9285313586,1.02803287668,0.459196207066,0.906658963493,16.2185317895,0.923612150848,0.986809038613
70,"1","data10FB1_2016_Evian",155.955999167,19.2711928116,0.914424486205,0.480916784809,0.988015803588,15.1072245402,0.927859954703,0.999813649259
54,"1","data10FB1_2016_Evian",92.8450858333,17.8205729972,0.845592095215,0.471059860467,0.967765320901,13.0725683474,0.93874786333,1.01154589355
327,"3","data46FB1_2015_T3",15.9747988889,28.6071986868,0.977467245529,0.0443135547737,1.17137547928,6271.72902098,0.265478459429,0.981188111705
358,"3","data46FB1_2015_T3",140.968077222,22.0319272235,0.752799582111,0.0493389173828,1.30421489071,6663.56190476,0.288496938621,1.0662626529
96,"1","data11FB1_2016_Evian",98.3713283333,20.6516437377,0.946955684615,0.55792532899,1.08082012811,18.7814138194,0.961128338715,1.03220768794
213,"3","data13FB1_2016_T3",39.6641608333,18.860927214,1.08141329825,0.458755465413,1.01890429024,13.2895092725,0.933439000523,1.00829326475
29,"1","data01FB1_2016_Evian",112.487064167,13.3390334676,0.56214479772,0.00541586256604,0.033980329767,6636.42771084,0.267342456413,0.461776284104
313,"3","data43FB1_2015_T3",125.919978889,17.4277175243,0.496363374286,0.0291061085758,0.446897641029,8973.94366197,0.3655139397,1.28131316132
50,"1","data10FB1_2016_Evian",77.0560327778,18.0269784158,0.855386100735,0.486448112931,0.999379598265,13.2220843477,0.929432625368,1.00150827741
195,"1","data22FB1_2016_Evian",110.5243825,17.645400847,1.01179800119,0.506387330878,0.999835376414,15.011675828,0.94317430231,1.00770970331
295,"3","data43FB1_2015_T3",50.9969780556,17.535044608,0.499420184985,0.0216175357711,0.331917463848,7946.31617647,0.322253751666,1.12966409334
295,"3","data43FB1_2015_T3",50.9969780556,17.535044608,0.499420184985,0.0216175357711,0.331917463848,7946.31617647,0.322253751666,1.12966409334
339,"3","data46FB1_2015_T3",63.3455211111,17.9663050235,0.61388306055,0.0254889696733,0.673770231699,7074.12832447,0.29650632267,1.09586472467
356,"3","data46FB1_2015_T3",133.0652375,23.7122359176,0.810213337609,0.0691326578993,1.82743859512,6863.13333333,0.298077052643,1.1016700227
291,"3","data43FB1_2015_T3",27.7642427778,21.3431419104,0.607879598789,0.0225768486501,0.346646834541,7648.35700758,0.312798142447,1.09651735056
158,"1","data21FB1_2016_Evian",63.1901175,17.6109686436,1.18377734525,0.461722214512,0.999186647829,18.0861557884,0.887554212343,0.972378106153
57,"1","data10FB1_2016_Evian",104.669832222,18.6029540858,0.882716337181,0.487735968984,1.00202542426,14.2831944265,0.929789623214,1.00189295973
118,"1","data14FB1_2016_Evian",19.89201,18.1586454891,1.08778110665,0.49476589983,1.09445725362,15.8054059582,0.939574869303,1.02555927313
99,"1","data11FB1_2016_Evian",110.173125,21.445826128,0.983371939837,0.535680882948,1.03772790094,19.1207499228,0.940732953051,1.01030398057
267,"3","data41FB1_2015_T3",104.769259722,12.832531937,0.842633787205,0.00576171047965,0.762611248934,7604.85651794,0.302408819538,0.987371672984
42,"1","data10FB1_2016_Evian",45.4762916667,18.4529583502,0.875598989814,0.469669352878,0.964908603239,13.9225360096,0.947545341431,1.02102559859
179,"1","data22FB1_2016_Evian",47.4728338889,18.5383007112,1.06299742169,0.479045805933,0.945850961286,16.8553476806,0.934746037062,0.998704745637
174,"1","data22FB1_2016_Evian",27.76899,19.9349319131,1.14308110302,0.489346791919,0.966189720913,19.1292395838,0.94621612682,1.01095966047
180,"1","data22FB1_2016_Evian",51.3975183333,18.4166539485,1.05602212243,0.473570585732,0.935040424537,17.3107526256,0.934706813504,0.998662838262
329,"3","data46FB1_2015_T3",23.8811952778,20.9459692426,0.715693944195,0.0223611967362,0.591091319073,6485.96462715,0.271335921224,1.00283684317
174,"1","data22FB1_2016_Evian",27.76899,19.9349319131,1.14308110302,0.489346791919,0.966189720913,19.1292395838,0.94621612682,1.01095966047
278,"3","data41FB1_2015_T3",148.127365833,15.8328575673,1.03964679766,0.012839055577,1.69935789785,7592.89788054,0.311469063733,1.01695357632
8,"1","data01FB1_2016_Evian",28.3204594444,20.0106195091,0.843304403088,0.0336891103379,0.211372992738,7064.28035714,0.28681416194,0.495409444899
133,"1","data14FB1_2016_Evian",78.9626836111,19.2309619593,1.15201748361,0.489941416288,1.08378515393,15.6135154012,0.938607139961,1.02450298285
54,"1","data10FB1_2016_Evian",92.8450858333,17.8205729972,0.845592095215,0.471059860467,0.967765320901,13.0725683474,0.93874786333,1.01154589355
350,"3","data46FB1_2015_T3",109.375527778,22.0200499945,0.75239375411,0.0542864575609,1.43499715986,6944.92832168,0.300224482171,1.10960675824
117,"1","data14FB1_2016_Evian",15.9399608333,17.5322041278,1.0502545699,0.473572241778,1.04757537919,14.9931751353,0.93056132429,1.01572086113
75,"1","data11FB1_2016_Evian",12.0150744444,21.3060312918,0.976961819825,0.502328894843,0.973118000324,17.0498845304,0.934303254919,1.00339878011
109,"1","data11FB1_2016_Evian",149.573119722,20.9608583803,0.961134341156,0.527745505691,1.02235538598,18.4323504979,0.9419713611,1.01163397393
245,"3","data41FB1_2015_T3",16.0015377778,15.7945743915,1.03713297595,0.00886268197686,1.17305112695,7482.390625,0.300382432221,0.980755472311
353,"3","data46FB1_2015_T3",121.214539167,21.774208403,0.743993696979,0.0543758034603,1.43735891116,6902.33616299,0.297516133292,1.09959690762
347,"3","data46FB1_2015_T3",97.5241644444,21.5603421882,0.736686192943,0.0560217006225,1.48086622144,7263.7296173,0.311840180391,1.15253749178
45,"1","data10FB1_2016_Evian",57.3194075,19.4028937582,0.920673739773,0.476895263105,0.979753819136,15.3241884024,0.942364707953,1.01544321728
76,"1","data11FB1_2016_Evian",15.9415466667,20.2910387255,0.930420585975,0.504019039974,0.976392171224,16.2599433956,0.946560016139,1.01656197867
309,"3","data43FB1_2015_T3",110.187801389,16.7705857259,0.477647431917,0.0233442473118,0.358429538188,8211.19811321,0.33844645058,1.18642777861
333,"3","data46FB1_2015_T3",39.6677838889,17.3849830307,0.594020115796,0.0166440470926,0.439965350099,6639.11751152,0.277320774217,1.02495640278
218,"3","data13FB1_2016_T3",59.3951663889,20.1146269809,1.15329563916,0.444485042398,0.98720941938,15.2545134478,0.913264563081,0.986501000465
262,"3","data41FB1_2015_T3",85.5620291667,12.6549692038,0.830974329894,0.00584126376426,0.773140800871,7657.01816239,0.303078363228,0.989557748359
59,"1","data10FB1_2016_Evian",112.577733056,16.8682451895,0.800403825094,0.470095310009,0.965783707603,12.3906520541,0.927831556863,0.999783049223
133,"1","data14FB1_2016_Evian",78.9626836111,19.2309619593,1.15201748361,0.489941416288,1.08378515393,15.6135154012,0.938607139961,1.02450298285
148,"1","data21FB1_2016_Evian",23.8324305556,16.8505995452,1.13266671466,0.469502319888,1.01602312908,16.0792711244,0.917649680193,1.00534980932
145,"1","data21FB1_2016_Evian",12.0208405556,17.390356519,1.16894819869,0.461914345211,0.99960242689,15.8100948939,0.904033299277,0.990432105695
141,"1","data21FB1_2016_Evian",0,14.8769265726,1,0.462098062975,1,12.6064693669,0.912766553182,1
67,"1","data10FB1_2016_Evian",144.131801944,20.2755966432,0.962083780913,0.482537654405,0.99134578671,12.1068858577,0.919525912171,0.9908333183
348,"3","data46FB1_2015_T3",101.472627778,21.8312540013,0.745942863847,0.0456579225716,1.20691222377,6819.70295699,0.294488850647,1.08840830215
26,"1","data01FB1_2016_Evian",100.468169722,11.746136423,0.495015587114,0.00384813488207,0.0241440565905,6668.60869565,0.264792777196,0.457372264593
361,"3","data46FB1_2015_T3",152.801201389,23.162470353,0.791428631074,0.0550318519559,1.45470076344,6788.20194175,0.294023114722,1.08668697774
299,"3","data43FB1_2015_T3",70.6813902778,17.7782391017,0.506346670875,0.0131357486333,0.201687390195,7884.35,0.317496593949,1.11298782431
4,"1","data01FB1_2016_Evian",12.3179005556,21.197781371,0.893334779451,0.0351202985751,0.22035258697,7197.25,0.293390603901,0.506768826316
282,"3","data41FB1_2015_T3",163.876853333,14.305232301,0.939337001443,0.00981011863468,1.29845240413,6968.04957047,0.287395886057,0.938354103756
213,"3","data13FB1_2016_T3",39.6641608333,18.860927214,1.08141329825,0.458755465413,1.01890429024,13.2895092725,0.933439000523,1.00829326475
214,"3","data13FB1_2016_T3",43.6107616667,19.7292361831,1.13119880749,0.482973128835,1.07269216422,13.3537110667,0.943477460863,1.01913672848
206,"3","data13FB1_2016_T3",12.0473269444,17.29717877,0.991753954184,0.459289066609,1.02008942827,13.843608938,0.931332910762,1.00601828361
125,"1","data14FB1_2016_Evian",47.4560994444,18.3862521962,1.10141572912,0.490857696161,1.08581202998,15.6265829693,0.939279588136,1.02523696956
55,"1","data10FB1_2016_Evian",96.7897486111,18.2787497945,0.867332736104,0.478901559085,0.98387563854,13.0719627808,0.937656411416,1.01036980171
302,"3","data43FB1_2015_T3",82.4043622222,13.0895887752,0.372807996424,0.00447452874654,0.0687022910102,6684.85714286,0.268511597838,0.94127037825
279,"3","data41FB1_2015_T3",152.057426389,16.8011149233,1.10322632872,0.0135401505179,1.7921537595,7714.94017094,0.317544526876,1.03679010165
112,"1","data14FB1_2016_Evian",0,16.6932900177,1,0.452065074441,1,16.4366506424,0.916158523373,1
274,"3","data41FB1_2015_T3",132.367263611,14.6369000869,0.961115593843,0.00986163709151,1.30527130883,7590.01687764,0.30809335059,1.00593179614
28,"1","data01FB1_2016_Evian",108.505977222,13.2765770235,0.559512705581,0.00564157263676,0.0353964850961,6918.09668508,0.277067901622,0.478574887702
129,"1","data14FB1_2016_Evian",63.2068197222,18.1932684071,1.08985516863,0.494310996146,1.09345097441,16.1311859556,0.94537108633,1.03188592608
251,"3","data41FB1_2015_T3",42.0528802778,12.7290904826,0.83584142036,0.00391265535968,0.517873121365,6850.31646217,0.270692861801,0.883818349709
208,"3","data13FB1_2016_T3",19.9302213889,18.2052288278,1.04381806518,0.46998240257,1.04383952327,13.4839694522,0.936982807907,1.01212125685
39,"1","data10FB1_2016_Evian",33.6465866667,18.0207468672,0.855090411691,0.47348642569,0.972750559229,13.2560129254,0.946438609577,1.01983304188
354,"3","data46FB1_2015_T3",125.174180833,24.2420218263,0.828315367752,0.0757274313937,2.00176349417,6997.86528497,0.303669209982,1.12233820916
75,"1","data11FB1_2016_Evian",12.0150744444,21.3060312918,0.976961819825,0.502328894843,0.973118000324,17.0498845304,0.934303254919,1.00339878011
235,"3","data13FB1_2016_T3",141.100830833,21.9200617117,1.25681234885,0.387147383487,0.859861428867,15.2778104191,0.893073300521,0.964690561825
353,"3","data46FB1_2015_T3",121.214539167,21.774208403,0.743993696979,0.0543758034603,1.43735891116,6902.33616299,0.297516133292,1.09959690762
3,"1","data01FB1_2016_Evian",8.30809666667,23.5024995866,0.990462158153,0.0622259925586,0.390419757045,7274.21856287,0.296713403075,0.512508243377
118,"1","data14FB1_2016_Evian",19.89201,18.1586454891,1.08778110665,0.49476589983,1.09445725362,15.8054059582,0.939574869303,1.02555927313
328,"3","data46FB1_2015_T3",19.9284225,23.3113418209,0.796515357154,0.029182235666,0.771397272553,6605.53485255,0.276991715733,1.02374022775
168,"1","data22FB1_2016_Evian",4.1363675,17.1117907257,0.98120047275,0.485726542536,0.959041727306,14.9898134398,0.936899586057,1.00100564825
328,"3","data46FB1_2015_T3",19.9284225,23.3113418209,0.796515357154,0.029182235666,0.771397272553,6605.53485255,0.276991715733,1.02374022775
213,"3","data13FB1_2016_T3",39.6641608333,18.860927214,1.08141329825,0.458755465413,1.01890429024,13.2895092725,0.933439000523,1.00829326475
135,"1","data14FB1_2016_Evian",86.8399466667,19.2396967468,1.15254073502,0.489813619148,1.08350245759,15.982308335,0.935966941498,1.02162116885
343,"3","data46FB1_2015_T3",79.1197122222,20.1580292021,0.68877115495,0.0363149441213,0.959941834775,7144.74337517,0.304140961204,1.12408176565
112,"1","data14FB1_2016_Evian",0,16.6932900177,1,0.452065074441,1,16.4366506424,0.916158523373,1
355,"3","data46FB1_2015_T3",129.121955,23.0630462268,0.788031450252,0.0634635994498,1.67758385897,7097.84971645,0.306846435407,1.13408099169
60,"1","data10FB1_2016_Evian",116.500646111,18.2091712701,0.864031212061,0.471331194617,0.968322761265,13.5124538952,0.934976073399,1.00748160881
360,"3","data46FB1_2015_T3",148.861550556,22.7504875498,0.777351765309,0.0521939393799,1.37968396055,6552.40835411,0.284886448218,1.0529185561
59,"1","data10FB1_2016_Evian",112.577733056,16.8682451895,0.800403825094,0.470095310009,0.965783707603,12.3906520541,0.927831556863,0.999783049223
314,"3","data43FB1_2015_T3",129.890439722,20.2924545373,0.577954697315,0.0536725053652,0.824092165168,9184.74299065,0.380734677312,1.33466962549
207,"3","data13FB1_2016_T3",15.9899413889,17.1796379104,0.985014611665,0.462641891629,1.02753611404,13.498008562,0.935092655989,1.01007953002
139,"1","data14FB1_2016_Evian",102.600225,20.0785436701,1.20279128014,0.475244576088,1.05127470127,15.7769625223,0.927988169287,1.01291222601
291,"3","data43FB1_2015_T3",27.7642427778,21.3431419104,0.607879598789,0.0225768486501,0.346646834541,7648.35700758,0.312798142447,1.09651735056
201,"1","data22FB1_2016_Evian",134.18495,17.4202616713,0.998888384117,0.505259002482,0.997607550838,15.5474779841,0.946887489103,1.01167695979
11,"1","data01FB1_2016_Evian",40.3695486111,17.5525512705,0.739714418391,0.0109677198074,0.0688139204611,6680.38868275,0.272164146439,0.470104710997
186,"1","data22FB1_2016_Evian",75.0490355556,17.3505491826,0.994891027677,0.486076084694,0.959731880066,15.7138478693,0.940046355517,1.00436773107
258,"3","data41FB1_2015_T3",69.7499716667,11.5482531456,0.758303063766,0.00407776718408,0.539727071691,7425.29971591,0.2913591107,0.951294122345
356,"3","data46FB1_2015_T3",133.0652375,23.7122359176,0.810213337609,0.0691326578993,1.82743859512,6863.13333333,0.298077052643,1.1016700227
67,"1","data10FB1_2016_Evian",144.131801944,20.2755966432,0.962083780913,0.482537654405,0.99134578671,12.1068858577,0.919525912171,0.9908333183
186,"1","data22FB1_2016_Evian",75.0490355556,17.3505491826,0.994891027677,0.486076084694,0.959731880066,15.7138478693,0.940046355517,1.00436773107
296,"3","data43FB1_2015_T3",54.9335661111,16.6204300677,0.473370809401,0.0184580811518,0.283406931682,8073.76530612,0.327238686097,1.14713883616
92,"1","data11FB1_2016_Evian",82.6157247222,22.0293081739,1.01012679031,0.546727414168,1.05912738339,18.8608386354,0.95165827127,1.0220372705
336,"3","data46FB1_2015_T3",51.5064852778,18.6057320319,0.635731370952,0.0250974440739,0.663420723767,6862.69644903,0.289069437758,1.06837856599
268,"3","data41FB1_2015_T3",108.716426111,12.7059803155,0.83432391721,0.0062181661269,0.823027025198,7484.35729499,0.298358560912,0.974147486462
78,"1","data11FB1_2016_Evian",23.8167366667,20.4753866604,0.93887363345,0.510095213684,0.988163013138,16.6107462521,0.940967088117,1.01055543087
44,"1","data10FB1_2016_Evian",53.3799494444,18.6886854268,0.886784317729,0.472576045253,0.970880235117,14.8771466646,0.944891646979,1.01816611541
160,"1","data21FB1_2016_Evian",71.0926686111,17.6711298175,1.18782127016,0.463601465583,1.00325342763,18.6163336279,0.905141851447,0.991646602619
32,"1","data10FB1_2016_Evian",0.198626388889,21.0746683869,1,0.486750093534,1,22.390423496,0.92803289432,1
229,"3","data13FB1_2016_T3",102.805848889,23.3941756571,1.34133239422,0.410533878253,0.911803262038,15.5329163203,0.900746687963,0.972979292927
304,"3","data43FB1_2015_T3",90.3867980556,26.6874907891,0.76009339495,0.0689407124073,1.05852150127,9911.43333333,0.39795710375,1.39504303199
174,"1","data22FB1_2016_Evian",27.76899,19.9349319131,1.14308110302,0.489346791919,0.966189720913,19.1292395838,0.94621612682,1.01095966047
339,"3","data46FB1_2015_T3",63.3455211111,17.9663050235,0.61388306055,0.0254889696733,0.673770231699,7074.12832447,0.29650632267,1.09586472467
74,"1","data11FB1_2016_Evian",8.08150472222,19.9553666421,0.915028756077,0.499252022148,0.967157442938,15.5372242623,0.932552640844,1.00151870101
39,"1","data10FB1_2016_Evian",33.6465866667,18.0207468672,0.855090411691,0.47348642569,0.972750559229,13.2560129254,0.946438609577,1.01983304188
0,"1","data01FB1_2016_Evian",0,23.7288213317,1,0.159382283903,1,3734.53417961,0.578943669511,1
164,"1","data21FB1_2016_Evian",86.8334327778,19.3204733839,1.29868715084,0.47182952178,1.02105929365,22.0932445413,0.908306515653,0.995113714986
204,"3","data13FB1_2016_T3",4.15421805556,17.0098755431,0.975281087994,0.440293906422,0.977900829621,14.1613540437,0.925251299863,0.999448976666
324,"3","data46FB1_2015_T3",4.14657694444,27.2064391006,0.929605285,0.0295958571346,0.782330858191,6278.72958057,0.25270708482,0.93398608649
299,"3","data43FB1_2015_T3",70.6813902778,17.7782391017,0.506346670875,0.0131357486333,0.201687390195,7884.35,0.317496593949,1.11298782431
246,"3","data41FB1_2015_T3",19.9344694444,16.5174406414,1.08459917582,0.00902959314754,1.19514323601,7351.09398496,0.296560133463,0.968275579944
169,"1","data22FB1_2016_Evian",8.07443222222,17.4992597352,1.00341818108,0.452246881666,0.892937882901,15.3134503545,0.932811585274,0.996637931653
36,"1","data10FB1_2016_Evian",21.8243461111,20.4339753397,0.969598902555,0.486574801627,0.999639872885,16.5012512948,0.942575668189,1.01567053707
14,"1","data01FB1_2016_Evian",52.3595313889,18.936437212,0.798035306825,0.0112355747755,0.0704945022767,6390.54363313,0.262923664792,0.454143777086
92,"1","data11FB1_2016_Evian",82.6157247222,22.0293081739,1.01012679031,0.546727414168,1.05912738339,18.8608386354,0.95165827127,1.0220372705
8,"1","data01FB1_2016_Evian",28.3204594444,20.0106195091,0.843304403088,0.0336891103379,0.211372992738,7064.28035714,0.28681416194,0.495409444899
19,"1","data01FB1_2016_Evian",72.4188183333,13.1444158923,0.553943059732,0.00487147715863,0.0305647342938,6732.45783133,0.269521120807,0.465539455737
241,"3","data41FB1_2015_T3",0.212420555556,15.2290735689,1,0.00755523930141,1,7760.45826893,0.306276580352,1
286,"3","data43FB1_2015_T3",8.07914833333,24.4294950526,0.695782828673,0.0257883802615,0.395956961228,7082.06396867,0.28947335495,1.01475204982
260,"3","data41FB1_2015_T3",77.6470361111,12.7692352164,0.838477479185,0.00563071270742,0.745272582745,7610.62639405,0.3014552684,0.984258306833
197,"1","data22FB1_2016_Evian",118.401779444,17.0353828898,0.976819201038,0.46462114431,0.917370219167,14.6468957157,0.912427434018,0.974859022958
226,"3","data13FB1_2016_T3",90.9635877778,23.3304410129,1.33767809392,0.421709709764,0.936624988495,15.3577677658,0.909268841077,0.982184853848
115,"1","data14FB1_2016_Evian",8.08009777778,17.4449352195,1.04502678627,0.473570106864,1.04757065661,15.298493074,0.932801884977,1.01816646484
131,"1","data14FB1_2016_Evian",71.0857947222,18.0450521473,1.08097637603,0.488596684084,1.08081051094,14.8042660891,0.939743562455,1.02574340409
50,"1","data10FB1_2016_Evian",77.0560327778,18.0269784158,0.855386100735,0.486448112931,0.999379598265,13.2220843477,0.929432625368,1.00150827741
251,"3","data41FB1_2015_T3",42.0528802778,12.7290904826,0.83584142036,0.00391265535968,0.517873121365,6850.31646217,0.270692861801,0.883818349709
323,"3","data46FB1_2015_T3",0.186345555556,29.2666570851,1,0.0378303588881,1,6476.22706935,0.270568361216,1
86,"1","data11FB1_2016_Evian",58.9920833333,21.4283819887,0.982572060315,0.53167894831,1.02997530165,19.3220898719,0.955238795887,1.02588258947
95,"1","data11FB1_2016_Evian",94.4096211111,22.3651025503,1.02552422781,0.534466298195,1.03537499172,19.3949959886,0.941111845058,1.01071089318
339,"3","data46FB1_2015_T3",63.3455211111,17.9663050235,0.61388306055,0.0254889696733,0.673770231699,7074.12832447,0.29650632267,1.09586472467
282,"3","data41FB1_2015_T3",163.876853333,14.305232301,0.939337001443,0.00981011863468,1.29845240413,6968.04957047,0.287395886057,0.938354103756
74,"1","data11FB1_2016_Evian",8.08150472222,19.9553666421,0.915028756077,0.499252022148,0.967157442938,15.5372242623,0.932552640844,1.00151870101
218,"3","data13FB1_2016_T3",59.3951663889,20.1146269809,1.15329563916,0.444485042398,0.98720941938,15.2545134478,0.913264563081,0.986501000465
330,"3","data46FB1_2015_T3",27.8293094444,19.0736531289,0.651719568565,0.0176256013881,0.465911556385,6584.11189516,0.273971430794,1.01257748527
63,"1","data10FB1_2016_Evian",128.361183611,18.9223289475,0.897870780225,0.477731515512,0.981471851488,14.3258602654,0.934611386112,1.00708864075
301,"3","data43FB1_2015_T3",78.5837944444,15.7132330998,0.447532695631,0.0142601171024,0.218951038311,8912.39915966,0.352116494502,1.23434826889
305,"3","data43FB1_2015_T3",94.4104911111,20.5544792048,0.585417490303,0.0720775024279,1.10668403928,9467.91081594,0.385459598222,1.35123288804
70,"1","data10FB1_2016_Evian",155.955999167,19.2711928116,0.914424486205,0.480916784809,0.988015803588,15.1072245402,0.927859954703,0.999813649259
62,"1","data10FB1_2016_Evian",124.397911111,17.6471658828,0.837363870159,0.468953365148,0.963437647733,12.8346160768,0.927227733731,0.999132400807
30,"1","data01FB1_2016_Evian",116.4937875,13.9621357715,0.588404100496,0.00604862141411,0.0379503999189,6792.15891473,0.272525550758,0.470728958809
288,"3","data43FB1_2015_T3",15.9507394444,29.0474647162,0.827308428707,0.0402989253224,0.618753091494,7127.46715928,0.295158004923,1.03467965322
81,"1","data11FB1_2016_Evian",35.6420916667,21.6372740214,0.992150547158,0.523670103313,1.01446046404,19.0947540395,0.942536231539,1.01224061883
271,"3","data41FB1_2015_T3",120.528650556,13.066138372,0.857973291212,0.00663584080656,0.878309811488,7660.3977395,0.305526031407,0.997549440628
61,"1","data10FB1_2016_Evian",120.449360833,17.9346891756,0.851006945699,0.472812972299,0.971366988072,12.5945476754,0.934999622532,1.00750698413
280,"3","data41FB1_2015_T3",155.999796389,17.806174121,1.16922241136,0.0144261099488,1.90941800428,7280.34330986,0.30365877573,0.991452808378
139,"1","data14FB1_2016_Evian",102.600225,20.0785436701,1.20279128014,0.475244576088,1.05127470127,15.7769625223,0.927988169287,1.01291222601
320,"3","data43FB1_2015_T3",156.447193056,23.0666916258,0.656968468363,0.0736036827837,1.13011714092,9206.64678899,0.38427899275,1.34709426249
248,"3","data41FB1_2015_T3",30.2040175,12.5881834057,0.826588915521,0.00426547977252,0.564572424824,7283.88341346,0.285538422915,0.932289444355
168,"1","data22FB1_2016_Evian",4.1363675,17.1117907257,0.98120047275,0.485726542536,0.959041727306,14.9898134398,0.936899586057,1.00100564825
152,"1","data21FB1_2016_Evian",39.5633563889,16.8797531019,1.13462636382,0.450746817358,0.975435418308,14.5710589879,0.893201615544,0.978565233827
123,"1","data14FB1_2016_Evian",39.5772866667,19.4089966117,1.1626825264,0.506296068071,1.11996280336,16.6367845787,0.93863202561,1.02453014589
239,"3","data13FB1_2016_T3",156.88066,22.3543975653,1.28171550249,0.378833083086,0.841395215409,15.5770724585,0.893495855363,0.96514700215
237,"3","data13FB1_2016_T3",148.99232,21.5158438655,1.23363604637,0.386686856061,0.85883858902,14.613276912,0.891036004486,0.962489891113
195,"1","data22FB1_2016_Evian",110.5243825,17.645400847,1.01179800119,0.506387330878,0.999835376414,15.011675828,0.94317430231,1.00770970331
345,"3","data46FB1_2015_T3",89.6260702778,20.2063423079,0.690421944985,0.0442678719906,1.17016790989,7092.73779385,0.302846328629,1.11929690252
171,"1","data22FB1_2016_Evian",15.9459602778,18.1276465159,1.03945026073,0.466678215038,0.921431798041,14.6363735705,0.929679068107,0.993291076319
74,"1","data11FB1_2016_Evian",8.08150472222,19.9553666421,0.915028756077,0.499252022148,0.967157442938,15.5372242623,0.932552640844,1.00151870101
210,"3","data13FB1_2016_T3",27.8197188889,18.3773037222,1.0536841803,0.475740558771,1.05662849365,13.1679332139,0.935783568172,1.01082584778
100,"1","data11FB1_2016_Evian",114.108089167,21.1436845505,0.969517609984,0.530589059839,1.02786395568,21.5643705062,0.946406826364,1.01639745988
81,"1","data11FB1_2016_Evian",35.6420916667,21.6372740214,0.992150547158,0.523670103313,1.01446046404,19.0947540395,0.942536231539,1.01224061883
307,"3","data43FB1_2015_T3",102.299283333,16.7392492099,0.476754928419,0.0297072205941,0.456127165557,9611.93589744,0.385179898024,1.3502523959
80,"1","data11FB1_2016_Evian",31.6969019444,22.9642251637,1.05299625723,0.538806633357,1.04378314486,20.188575881,0.953309250068,1.02381034589
65,"1","data10FB1_2016_Evian",136.257215556,18.3264510452,0.869596176262,0.481045178385,0.988279580785,13.8108393466,0.920284633317,0.991650876762
312,"3","data43FB1_2015_T3",121.981708333,15.440497631,0.439764845514,0.0257937699085,0.396039714322,7783.81428571,0.323977633386,1.13570717979
39,"1","data10FB1_2016_Evian",33.6465866667,18.0207468672,0.855090411691,0.47348642569,0.972750559229,13.2560129254,0.946438609577,1.01983304188
28,"1","data01FB1_2016_Evian",108.505977222,13.2765770235,0.559512705581,0.00564157263676,0.0353964850961,6918.09668508,0.277067901622,0.478574887702
210,"3","data13FB1_2016_T3",27.8197188889,18.3773037222,1.0536841803,0.475740558771,1.05662849365,13.1679332139,0.935783568172,1.01082584778
1,"1","data01FB1_2016_Evian",0.269853055556,23.7288213317,1,0.159382283903,1,3734.53417961,0.578943669511,1
235,"3","data13FB1_2016_T3",141.100830833,21.9200617117,1.25681234885,0.387147383487,0.859861428867,15.2778104191,0.893073300521,0.964690561825
311,"3","data43FB1_2015_T3",118.042299167,17.7871971848,0.506601808379,0.0234569533687,0.360160036471,7736.82,0.321878101645,1.12834724803
249,"3","data41FB1_2015_T3",34.1396694444,13.1170503022,0.861316365884,0.0044700526912,0.591649385661,7342.8086771,0.2879025948,0.940008519325
163,"1","data21FB1_2016_Evian",82.8959647222,20.1299623969,1.35309953294,0.488068365398,1.05620084676,22.4855483101,0.924893853952,1.01328631152
217,"3","data13FB1_2016_T3",55.4510138889,21.2328879366,1.21741243759,0.456838951665,1.01464767811,13.6630327954,0.930758442915,1.00539774808
360,"3","data46FB1_2015_T3",148.861550556,22.7504875498,0.777351765309,0.0521939393799,1.37968396055,6552.40835411,0.284886448218,1.0529185561
320,"3","data43FB1_2015_T3",156.447193056,23.0666916258,0.656968468363,0.0736036827837,1.13011714092,9206.64678899,0.38427899275,1.34709426249
356,"3","data46FB1_2015_T3",133.0652375,23.7122359176,0.810213337609,0.0691326578993,1.82743859512,6863.13333333,0.298077052643,1.1016700227
277,"3","data41FB1_2015_T3",144.186962222,15.6671498444,1.02876578627,0.0121908275384,1.61355941911,7765.06164384,0.316662928214,1.03391166197
250,"3","data41FB1_2015_T3",38.0785902778,12.1975540656,0.800938678932,0.0035721577545,0.472805375448,7172.4335443,0.281365250367,0.918663941082
152,"1","data21FB1_2016_Evian",39.5633563889,16.8797531019,1.13462636382,0.450746817358,0.975435418308,14.5710589879,0.893201615544,0.978565233827
337,"3","data46FB1_2015_T3",55.4483338889,18.8994048734,0.645765753786,0.0278992740974,0.737483727816,7439.14092664,0.312037607319,1.15326716663
228,"3","data13FB1_2016_T3",98.8328536111,23.64294389,1.3555958115,0.410946334474,0.912719334859,15.4550798964,0.902723011113,0.975114101222
297,"3","data43FB1_2015_T3",58.8009155556,14.9647151517,0.426213960466,0.00856768087747,0.131548893362,7252.32692308,0.29217036303,1.0242064415
56,"1","data10FB1_2016_Evian",100.730413333,17.6956428523,0.839664118429,0.476661714238,0.979274006458,13.0403439762,0.931244788524,1.00346097021
360,"3","data46FB1_2015_T3",148.861550556,22.7504875498,0.777351765309,0.0521939393799,1.37968396055,6552.40835411,0.284886448218,1.0529185561
15,"1","data01FB1_2016_Evian",56.3968622222,19.5527958807,0.824010413639,0.012447396114,0.0780977396558,6662.35832187,0.27228829216,0.470319145884
275,"3","data41FB1_2015_T3",136.298198889,15.2144954282,0.999042742771,0.011751686434,1.55543536944,7863.27182867,0.319657802207,1.04368999367
113,"1","data14FB1_2016_Evian",0.208835,16.6932900177,1,0.452065074441,1,16.4366506424,0.916158523373,1
349,"3","data46FB1_2015_T3",105.414511667,21.8678967357,0.747194893905,0.0613587881024,1.62194570461,7352.45367133,0.315789965913,1.16713559743
126,"1","data14FB1_2016_Evian",51.3916625,18.3446440286,1.0989232206,0.499082161053,1.10400512951,15.5472086067,0.942247605233,1.02847660224
147,"1","data21FB1_2016_Evian",19.8919897222,16.8641581924,1.13357810232,0.473762563616,1.02524247898,16.5506477841,0.905900182892,0.992477408088
78,"1","data11FB1_2016_Evian",23.8167366667,20.4753866604,0.93887363345,0.510095213684,0.988163013138,16.6107462521,0.940967088117,1.01055543087
91,"1","data11FB1_2016_Evian",78.6550530556,19.6174405425,0.899533571046,0.538450072992,1.04309241153,16.8061032382,0.953578666293,1.02409968654
74,"1","data11FB1_2016_Evian",8.08150472222,19.9553666421,0.915028756077,0.499252022148,0.967157442938,15.5372242623,0.932552640844,1.00151870101
175,"1","data22FB1_2016_Evian",31.7156536111,18.5978469715,1.06641184042,0.458954432894,0.906181592999,15.9382448569,0.92634495235,0.989728828289
139,"1","data14FB1_2016_Evian",102.600225,20.0785436701,1.20279128014,0.475244576088,1.05127470127,15.7769625223,0.927988169287,1.01291222601
177,"1","data22FB1_2016_Evian",39.5712341667,18.5277472437,1.06239227945,0.467695330988,0.923440040442,15.6042995859,0.922997898686,0.986152757094
26,"1","data01FB1_2016_Evian",100.468169722,11.746136423,0.495015587114,0.00384813488207,0.0241440565905,6668.60869565,0.264792777196,0.457372264593
205,"3","data13FB1_2016_T3",8.09899027778,17.7669925183,1.01869127435,0.457961939143,1.01714185386,14.2501665236,0.929616537453,1.00416427103
10,"1","data01FB1_2016_Evian",36.3232341667,17.087036033,0.720096282665,0.0134149558621,0.084168425333,6957.13613551,0.280409994519,0.484347630496
177,"1","data22FB1_2016_Evian",39.5712341667,18.5277472437,1.06239227945,0.467695330988,0.923440040442,15.6042995859,0.922997898686,0.986152757094
291,"3","data43FB1_2015_T3",27.7642427778,21.3431419104,0.607879598789,0.0225768486501,0.346646834541,7648.35700758,0.312798142447,1.09651735056
240,"3","data41FB1_2015_T3",0,15.2290735689,1,0.00755523930141,1,7760.45826893,0.306276580352,1
20,"1","data01FB1_2016_Evian",76.4057902778,12.0701319885,0.508669681474,0.00360857419159,0.0226409993835,6351.59210526,0.255685517261,0.441641442381
185,"1","data22FB1_2016_Evian",71.1004808333,18.4527415741,1.0580914088,0.497253281326,0.98180067192,16.6972340305,0.940360470581,1.00470333903
107,"1","data11FB1_2016_Evian",141.684902222,19.5454756952,0.896233711619,0.517289781736,1.00210042297,15.254968444,0.940824760561,1.01040257762
177,"1","data22FB1_2016_Evian",39.5712341667,18.5277472437,1.06239227945,0.467695330988,0.923440040442,15.6042995859,0.922997898686,0.986152757094
246,"3","data41FB1_2015_T3",19.9344694444,16.5174406414,1.08459917582,0.00902959314754,1.19514323601,7351.09398496,0.296560133463,0.968275579944
38,"1","data10FB1_2016_Evian",29.7118508333,18.2426932939,0.8656218432,0.46430763536,0.953893263767,13.1852194785,0.947513186093,1.02099094967
310,"3","data43FB1_2015_T3",114.109712778,24.7399947633,0.704626252024,0.0447960032243,0.687801604132,9044.08666667,0.364905456686,1.27918011738
144,"1","data21FB1_2016_Evian",8.08055027778,17.0137061715,1.14363044601,0.49141312827,1.06343905687,16.282808158,0.926598755039,1.01515415065
169,"1","data22FB1_2016_Evian",8.07443222222,17.4992597352,1.00341818108,0.452246881666,0.892937882901,15.3134503545,0.932811585274,0.996637931653
209,"3","data13FB1_2016_T3",23.8778619444,18.1240440611,1.03916324173,0.469662830379,1.04312974759,13.1078983742,0.935060174726,1.01004444402
285,"3","data43FB1_2015_T3",4.12543138889,27.5452354384,0.784523044319,0.0346596349967,0.532166953155,7029.38562753,0.287043862775,1.00623543811
151,"1","data21FB1_2016_Evian",35.6285477778,17.2394626252,1.15880538504,0.450655382878,0.975237550177,15.8715941472,0.905051027485,0.991547098576
167,"1","data22FB1_2016_Evian",0.202359166667,17.4396478608,1,0.506470707902,1,16.5145948456,0.935958341187,1
213,"3","data13FB1_2016_T3",39.6641608333,18.860927214,1.08141329825,0.458755465413,1.01890429024,13.2895092725,0.933439000523,1.00829326475
199,"1","data22FB1_2016_Evian",126.291891667,17.3114016946,0.992646286937,0.502958927555,0.993066172847,15.0720244504,0.940812837676,1.00518665872
20,"1","data01FB1_2016_Evian",76.4057902778,12.0701319885,0.508669681474,0.00360857419159,0.0226409993835,6351.59210526,0.255685517261,0.441641442381
225,"3","data13FB1_2016_T3",87.0098477778,23.70934429,1.35940295601,0.412682150555,0.916574614164,15.488564796,0.907401985886,0.980168291958
203,"3","data13FB1_2016_T3",0.205325,17.4409980389,1,0.450243923602,1,14.7135584329,0.925761416005,1
72,"1","data11FB1_2016_Evian",0.180017058377,21.8084584878,1,0.516205531781,1,21.0567487134,0.931138519838,1
196,"1","data22FB1_2016_Evian",114.460693333,17.369944027,0.996003139836,0.496727273584,0.980762097065,14.521743775,0.940331977137,1.00467289596
320,"3","data43FB1_2015_T3",156.447193056,23.0666916258,0.656968468363,0.0736036827837,1.13011714092,9206.64678899,0.38427899275,1.34709426249
202,"3","data13FB1_2016_T3",0,17.4409980389,1,0.450243923602,1,14.7135584329,0.925761416005,1
347,"3","data46FB1_2015_T3",97.5241644444,21.5603421882,0.736686192943,0.0560217006225,1.48086622144,7263.7296173,0.311840180391,1.15253749178
87,"1","data11FB1_2016_Evian",62.9178166667,19.4155602532,0.890276599058,0.504675285941,0.977663459358,15.9121921357,0.934073507978,1.00315204245
216,"3","data13FB1_2016_T3",51.5025708333,20.9810553964,1.20297332466,0.467176722246,1.03760805589,13.587606622,0.929930238494,1.00450312836
325,"3","data46FB1_2015_T3",8.09864138889,29.4221834575,1.00531411469,0.0381438364459,1.0082864019,6745.27655987,0.276087153417,1.02039703451
157,"1","data21FB1_2016_Evian",59.2683508333,17.5606034523,1.18039188851,0.448779895473,0.971178915107,17.3684117223,0.894570310845,0.980064735858
225,"3","data13FB1_2016_T3",87.0098477778,23.70934429,1.35940295601,0.412682150555,0.916574614164,15.488564796,0.907401985886,0.980168291958
355,"3","data46FB1_2015_T3",129.121955,23.0630462268,0.788031450252,0.0634635994498,1.67758385897,7097.84971645,0.306846435407,1.13408099169
190,"1","data22FB1_2016_Evian",90.81028,18.1961279185,1.04337702594,0.493778938885,0.974940763958,16.6514441583,0.929708225686,0.993322228965
202,"3","data13FB1_2016_T3",0,17.4409980389,1,0.450243923602,1,14.7135584329,0.925761416005,1
229,"3","data13FB1_2016_T3",102.805848889,23.3941756571,1.34133239422,0.410533878253,0.911803262038,15.5329163203,0.900746687963,0.972979292927
261,"3","data41FB1_2015_T3",81.6215444444,12.8123238161,0.841306843655,0.00558351232063,0.739025211232,7360.40600316,0.292881672536,0.956265321362
358,"3","data46FB1_2015_T3",140.968077222,22.0319272235,0.752799582111,0.0493389173828,1.30421489071,6663.56190476,0.288496938621,1.0662626529
280,"3","data41FB1_2015_T3",155.999796389,17.806174121,1.16922241136,0.0144261099488,1.90941800428,7280.34330986,0.30365877573,0.991452808378
43,"1","data10FB1_2016_Evian",49.4233227778,18.4143493074,0.873766977935,0.476313762034,0.978559158717,13.4709511851,0.946581650166,1.01998717498
186,"1","data22FB1_2016_Evian",75.0490355556,17.3505491826,0.994891027677,0.486076084694,0.959731880066,15.7138478693,0.940046355517,1.00436773107
288,"3","data43FB1_2015_T3",15.9507394444,29.0474647162,0.827308428707,0.0402989253224,0.618753091494,7127.46715928,0.295158004923,1.03467965322
199,"1","data22FB1_2016_Evian",126.291891667,17.3114016946,0.992646286937,0.502958927555,0.993066172847,15.0720244504,0.940812837676,1.00518665872
359,"3","data46FB1_2015_T3",144.905834167,23.9962271855,0.819916914859,0.0587759436088,1.55367131944,6631.56712963,0.288949968347,1.06793701617
49,"1","data10FB1_2016_Evian",73.1018391667,18.453702109,0.875634281413,0.471331305579,0.968322989231,13.3721783834,0.947438293335,1.02091024912
135,"1","data14FB1_2016_Evian",86.8399466667,19.2396967468,1.15254073502,0.489813619148,1.08350245759,15.982308335,0.935966941498,1.02162116885
345,"3","data46FB1_2015_T3",89.6260702778,20.2063423079,0.690421944985,0.0442678719906,1.17016790989,7092.73779385,0.302846328629,1.11929690252
145,"1","data21FB1_2016_Evian",12.0208405556,17.390356519,1.16894819869,0.461914345211,0.99960242689,15.8100948939,0.904033299277,0.990432105695
209,"3","data13FB1_2016_T3",23.8778619444,18.1240440611,1.03916324173,0.469662830379,1.04312974759,13.1078983742,0.935060174726,1.01004444402
329,"3","data46FB1_2015_T3",23.8811952778,20.9459692426,0.715693944195,0.0223611967362,0.591091319073,6485.96462715,0.271335921224,1.00283684317
245,"3","data41FB1_2015_T3",16.0015377778,15.7945743915,1.03713297595,0.00886268197686,1.17305112695,7482.390625,0.300382432221,0.980755472311
115,"1","data14FB1_2016_Evian",8.08009777778,17.4449352195,1.04502678627,0.473570106864,1.04757065661,15.298493074,0.932801884977,1.01816646484
115,"1","data14FB1_2016_Evian",8.08009777778,17.4449352195,1.04502678627,0.473570106864,1.04757065661,15.298493074,0.932801884977,1.01816646484
220,"3","data13FB1_2016_T3",67.2807822222,21.7643454137,1.24788417297,0.453750123942,1.00778733517,14.0319521735,0.929618268698,1.00416614111
148,"1","data21FB1_2016_Evian",23.8324305556,16.8505995452,1.13266671466,0.469502319888,1.01602312908,16.0792711244,0.917649680193,1.00534980932
141,"1","data21FB1_2016_Evian",0,14.8769265726,1,0.462098062975,1,12.6064693669,0.912766553182,1
264,"3","data41FB1_2015_T3",93.455655,13.0468766349,0.856708490889,0.00535388989124,0.708632735199,7395.89037433,0.293320290647,0.957697419471
259,"3","data41FB1_2015_T3",73.6914413889,12.2243044075,0.802695210062,0.00523719800536,0.6931875744,7695.90982405,0.302850986427,0.988815357932
312,"3","data43FB1_2015_T3",121.981708333,15.440497631,0.439764845514,0.0257937699085,0.396039714322,7783.81428571,0.323977633386,1.13570717979
24,"1","data01FB1_2016_Evian",92.4520052778,12.4975565438,0.526682567546,0.00421102178994,0.0264208899937,6428.74728261,0.258749697815,0.446934151699
323,"3","data46FB1_2015_T3",0.186345555556,29.2666570851,1,0.0378303588881,1,6476.22706935,0.270568361216,1
327,"3","data46FB1_2015_T3",15.9747988889,28.6071986868,0.977467245529,0.0443135547737,1.17137547928,6271.72902098,0.265478459429,0.981188111705
130,"1","data14FB1_2016_Evian",67.1455622222,19.3882826743,1.1614416723,0.485514347918,1.07399216478,17.3087531065,0.938784123823,1.02469616324
264,"3","data41FB1_2015_T3",93.455655,13.0468766349,0.856708490889,0.00535388989124,0.708632735199,7395.89037433,0.293320290647,0.957697419471
166,"1","data22FB1_2016_Evian",0,17.4396478608,1,0.506470707902,1,16.5145948456,0.935958341187,1
129,"1","data14FB1_2016_Evian",63.2068197222,18.1932684071,1.08985516863,0.494310996146,1.09345097441,16.1311859556,0.94537108633,1.03188592608
316,"3","data43FB1_2015_T3",140.649918611,19.7133309265,0.56146052651,0.0621553381587,0.954338293908,9192.46428571,0.38206739286,1.33934147459
41,"1","data10FB1_2016_Evian",41.5452627778,17.8443087953,0.846718366699,0.478849201278,0.983768072446,13.8435214972,0.941839303652,1.01487706892
35,"1","data10FB1_2016_Evian",17.8321411111,19.220018868,0.911996265618,0.48516702721,0.996747681522,14.2372566003,0.941715083049,1.01474321526
323,"3","data46FB1_2015_T3",0.186345555556,29.2666570851,1,0.0378303588881,1,6476.22706935,0.270568361216,1
98,"1","data11FB1_2016_Evian",106.224750278,21.950054895,1.00649272883,0.526330063984,1.01961337409,21.6412301652,0.936530300939,1.00579052524
46,"1","data10FB1_2016_Evian",61.2690994444,18.7581041485,0.890078259079,0.468776851992,0.963075011631,14.147803068,0.942933153886,1.01605574507
232,"3","data13FB1_2016_T3",114.637405833,22.507029853,1.29046685303,0.40493332146,0.899364322833,15.1473688725,0.900012433604,0.972186157302
220,"3","data13FB1_2016_T3",67.2807822222,21.7643454137,1.24788417297,0.453750123942,1.00778733517,14.0319521735,0.929618268698,1.00416614111
316,"3","data43FB1_2015_T3",140.649918611,19.7133309265,0.56146052651,0.0621553381587,0.954338293908,9192.46428571,0.38206739286,1.33934147459
319,"3","data43FB1_2015_T3",152.47172,19.7254480489,0.561805637437,0.0564733040327,0.867095863662,9277.07575758,0.384011641105,1.34615705834
294,"3","data43FB1_2015_T3",47.0687875,18.295339467,0.521074341427,0.0131385361176,0.201730189464,7449.28189493,0.300421363162,1.05313041379
149,"1","data21FB1_2016_Evian",27.7713136111,16.9892733351,1.1419881151,0.446907828085,0.967127681098,16.1861312564,0.889960972625,0.97501488143
226,"3","data13FB1_2016_T3",90.9635877778,23.3304410129,1.33767809392,0.421709709764,0.936624988495,15.3577677658,0.909268841077,0.982184853848
275,"3","data41FB1_2015_T3",136.298198889,15.2144954282,0.999042742771,0.011751686434,1.55543536944,7863.27182867,0.319657802207,1.04368999367
238,"3","data13FB1_2016_T3",152.937392222,20.9543207298,1.20144046132,0.380984404057,0.846173338685,14.7618665083,0.890541829119,0.961956086875
255,"3","data41FB1_2015_T3",57.9035216667,13.137244617,0.862642402871,0.00585948623568,0.775552699514,7256.32526178,0.288602562075,0.942293928396
299,"3","data43FB1_2015_T3",70.6813902778,17.7782391017,0.506346670875,0.0131357486333,0.201687390195,7884.35,0.317496593949,1.11298782431
334,"3","data46FB1_2015_T3",43.6065794444,18.8525186132,0.644163717036,0.0230055624073,0.608124349953,6884.08942308,0.289105702272,1.06851259686
307,"3","data43FB1_2015_T3",102.299283333,16.7392492099,0.476754928419,0.0297072205941,0.456127165557,9611.93589744,0.385179898024,1.3502523959
297,"3","data43FB1_2015_T3",58.8009155556,14.9647151517,0.426213960466,0.00856768087747,0.131548893362,7252.32692308,0.29217036303,1.0242064415
92,"1","data11FB1_2016_Evian",82.6157247222,22.0293081739,1.01012679031,0.546727414168,1.05912738339,18.8608386354,0.95165827127,1.0220372705
252,"3","data41FB1_2015_T3",46.0059116667,13.1039846025,0.860458421399,0.00490911558238,0.649763083144,7625.54512894,0.298972309678,0.976151390142
106,"1","data11FB1_2016_Evian",137.748445,21.935192384,1.0058112267,0.500479388134,0.969535112123,16.5718651994,0.933704872108,1.00275614446
6,"1","data01FB1_2016_Evian",20.3021330556,20.6678750171,0.871003018997,0.0455301603071,0.285666381433,7225.00180832,0.293915077255,0.507674740624
355,"3","data46FB1_2015_T3",129.121955,23.0630462268,0.788031450252,0.0634635994498,1.67758385897,7097.84971645,0.306846435407,1.13408099169
293,"3","data43FB1_2015_T3",35.6258883333,19.0728225186,0.54321803927,0.0164629704733,0.252773834389,7465.89772727,0.30643462401,1.07420996625
45,"1","data10FB1_2016_Evian",57.3194075,19.4028937582,0.920673739773,0.476895263105,0.979753819136,15.3241884024,0.942364707953,1.01544321728
341,"3","data46FB1_2015_T3",71.2211669444,19.969793104,0.682339395509,0.0349512299242,0.923893691509,7060.51274788,0.300471392596,1.11051932031
174,"1","data22FB1_2016_Evian",27.76899,19.9349319131,1.14308110302,0.489346791919,0.966189720913,19.1292395838,0.94621612682,1.01095966047
195,"1","data22FB1_2016_Evian",110.5243825,17.645400847,1.01179800119,0.506387330878,0.999835376414,15.011675828,0.94317430231,1.00770970331
169,"1","data22FB1_2016_Evian",8.07443222222,17.4992597352,1.00341818108,0.452246881666,0.892937882901,15.3134503545,0.932811585274,0.996637931653
213,"3","data13FB1_2016_T3",39.6641608333,18.860927214,1.08141329825,0.458755465413,1.01890429024,13.2895092725,0.933439000523,1.00829326475
166,"1","data22FB1_2016_Evian",0,17.4396478608,1,0.506470707902,1,16.5145948456,0.935958341187,1
275,"3","data41FB1_2015_T3",136.298198889,15.2144954282,0.999042742771,0.011751686434,1.55543536944,7863.27182867,0.319657802207,1.04368999367
20,"1","data01FB1_2016_Evian",76.4057902778,12.0701319885,0.508669681474,0.00360857419159,0.0226409993835,6351.59210526,0.255685517261,0.441641442381
56,"1","data10FB1_2016_Evian",100.730413333,17.6956428523,0.839664118429,0.476661714238,0.979274006458,13.0403439762,0.931244788524,1.00346097021
244,"3","data41FB1_2015_T3",12.0547466667,15.1708038946,0.996173787322,0.00853397053561,1.12954337979,7864.04029071,0.312275053779,1.01958515215
345,"3","data46FB1_2015_T3",89.6260702778,20.2063423079,0.690421944985,0.0442678719906,1.17016790989,7092.73779385,0.302846328629,1.11929690252
9,"1","data01FB1_2016_Evian",32.3487375,20.203959299,0.851452291566,0.0276466934817,0.173461521599,6961.04844291,0.284375583793,0.49119732846
228,"3","data13FB1_2016_T3",98.8328536111,23.64294389,1.3555958115,0.410946334474,0.912719334859,15.4550798964,0.902723011113,0.975114101222
22,"1","data01FB1_2016_Evian",84.4436919444,14.9464248398,0.629884840503,0.00756989366226,0.0474952013291,7021.80254777,0.280833569238,0.485079264231
4,"1","data01FB1_2016_Evian",12.3179005556,21.197781371,0.893334779451,0.0351202985751,0.22035258697,7197.25,0.293390603901,0.506768826316
190,"1","data22FB1_2016_Evian",90.81028,18.1961279185,1.04337702594,0.493778938885,0.974940763958,16.6514441583,0.929708225686,0.993322228965
21,"1","data01FB1_2016_Evian",80.4096102778,12.9364716151,0.545179696634,0.00482866375959,0.0302961134785,6612.65267176,0.266181754996,0.459771423394
176,"1","data22FB1_2016_Evian",35.6378122222,18.3231690788,1.05066164323,0.458431548479,0.90514918499,16.1707077375,0.922851012606,0.985995820536
313,"3","data43FB1_2015_T3",125.919978889,17.4277175243,0.496363374286,0.0291061085758,0.446897641029,8973.94366197,0.3655139397,1.28131316132
150,"1","data21FB1_2016_Evian",31.6969147222,16.9313768809,1.13809642054,0.455879795888,0.986543403695,15.5499346258,0.897910697828,0.983724364896
362,"2","data31FB1_2016_T3",0,15.5767360838,1,0.451516524619,1,13.548141719,0.897300387923,1
363,"2","data31FB1_2016_T3",0.205183611111,15.5767360838,1,0.451516524619,1,13.548141719,0.897300387923,1
364,"2","data31FB1_2016_T3",4.12943194444,16.086050704,1.03269713356,0.45897060457,1.01650898593,13.1053970078,0.917819526571,1.02286763599
365,"2","data31FB1_2016_T3",8.07882527778,15.0494564659,0.966149544097,0.448091685676,0.9924148093,11.685759222,0.912913901322,1.01740054235
366,"2","data31FB1_2016_T3",12.0076825,15.5759709467,0.999950879496,0.449285158254,0.995058062676,12.3887723468,0.916015143273,1.02085673382
367,"2","data31FB1_2016_T3",15.9625325,15.8420416404,1.01703216612,0.440382637044,0.975341129354,12.5221085466,0.909509485507,1.01360647755
368,"2","data31FB1_2016_T3",19.8755341667,16.3372965159,1.04882668796,0.448429187834,0.993162295028,13.3521599762,0.911892727764,1.0162624914
369,"2","data31FB1_2016_T3",23.8294883333,16.2656170523,1.04422498814,0.440053001801,0.974611066941,12.5586778957,0.918720415945,1.02387163575
370,"2","data31FB1_2016_T3",27.7740041667,17.4263084439,1.11873940408,0.460633460303,1.02019180957,13.6901347557,0.924139715703,1.02991119601
371,"2","data31FB1_2016_T3",31.7025366667,17.7378840566,1.13874202921,0.458215179627,1.01483590222,14.2536105053,0.923871964917,1.02961280007
372,"2","data31FB1_2016_T3",35.6514577778,18.4172854228,1.18235844298,0.460303739518,1.01946155771,14.7608571476,0.926240559189,1.03225248942
373,"2","data31FB1_2016_T3",39.5821669444,18.0780445062,1.16057975233,0.458581050694,1.01564621822,13.8789983699,0.924007285516,1.02976360866
374,"2","data31FB1_2016_T3",43.5276380556,18.7766823801,1.20543111721,0.458141058891,1.01467174269,14.3854177866,0.923950362442,1.02970017051
375,"2","data31FB1_2016_T3",47.4809619444,20.2797786174,1.30192734269,0.469188723878,1.03913965114,15.9046625457,0.921777101617,1.02727817131
376,"2","data31FB1_2016_T3",51.4197038889,20.444427193,1.31249750159,0.460819094376,1.02060294419,15.3518153425,0.921746373976,1.02724392676
377,"2","data31FB1_2016_T3",55.3433438889,21.352416381,1.37078886528,0.472911577725,1.04738487284,15.3681897868,0.922362630833,1.02793071668
378,"2","data31FB1_2016_T3",59.2855319444,21.4619294938,1.37781942111,0.479686379984,1.06238942282,15.4035640677,0.924272290288,1.03005894428
379,"2","data31FB1_2016_T3",63.2267244444,21.4984398518,1.38016332408,0.475360556416,1.05280876889,15.4816278881,0.921517422205,1.02698877055
380,"2","data31FB1_2016_T3",67.1839125,21.9634017177,1.41001308615,0.474505308831,1.05091460214,15.9176388864,0.924633205149,1.03046116729
362.70606706012,"2","data31FB1_2016_T3",1.45782793648902,15.7565412220805,1.01154318448354,0.454148064777453,1.00582822558058,13.3918379906896,0.904544331873698,1.00807304225768
362.649075257126,"2","data31FB1_2016_T3",0.133179605139963,15.5767360838,1,0.451516524619,1,13.548141719,0.897300387923,1
362.368807149353,"2","data31FB1_2016_T3",0.075673182707701,15.5767360838,1,0.451516524619,1,13.548141719,0.897300387923,1
363,"2","data31FB1_2016_T3",0.205183611111,15.5767360838,1,0.451516524619,1,13.548141719,0.897300387923,1
363,"2","data31FB1_2016_T3",0.205183611111,15.5767360838,1,0.451516524619,1,13.548141719,0.897300387923,1
363.491876868065,"2","data31FB1_2016_T3",2.14161471274638,15.4470577602763,0.991674871883922,0.450674225092544,0.998134510077402,13.0901102841179,0.901140350958099,1.00427946213688
365.26706208149,"2","data31FB1_2016_T3",9.12054821815267,15.7628993444948,1.01195136514234,0.452834573685346,1.00291916019596,12.6513930404932,0.916676393742315,1.0215936670454
364.295625796542,"2","data31FB1_2016_T3",5.29697449446461,15.7796067066713,1.01302394941708,0.45575451550645,1.00938612577174,12.6857154565724,0.91636929719923,1.02125142207791
363.717003108002,"2","data31FB1_2016_T3",3.01888186268052,15.9419162494344,1.02344394638528,0.456861123111164,1.01183699422178,13.230692385018,0.912012674107145,1.01639616607749
364.527224757709,"2","data31FB1_2016_T3",6.21164988770618,15.5395325579756,0.997611596829278,0.453234969191979,1.00380593949406,12.3569288201476,0.915233159487687,1.01998524887028
364.734965745127,"2","data31FB1_2016_T3",7.03210075847716,15.3241894474007,0.983786934883932,0.450974971838897,0.998800591449915,12.0620118647493,0.914214060054556,1.0188495094392
364.466534825508,"2","data31FB1_2016_T3",5.97196147407046,15.6024433920059,1.00165036552193,0.453895210042077,1.00526821344017,12.4430865411179,0.915530881551452,1.02031704641263
364.515817149077,"2","data31FB1_2016_T3",6.16130031508009,15.9544967608939,1.02425159385288,0.456472644916873,1.01097660889103,12.9205733630025,0.917354160646692,1.0223490070778
366.30689860601,"2","data31FB1_2016_T3",13.2214204519778,15.6576276716966,1.00519310254976,0.446552986904678,0.98900696332469,12.4296930406493,0.914018565973438,1.01863164027752
365.517545660259,"2","data31FB1_2016_T3",10.1096268970899,15.5760939946048,0.999958778962775,0.449644002382782,0.99585281571223,12.5752199417935,0.913005471627735,1.01750259323857
366.414775890531,"2","data31FB1_2016_T3",13.6480589306666,15.6863306556236,1.00703578536689,0.445592607091151,0.986879954098827,12.4440769878121,0.913316753279617,1.01784950231903
367,"2","data31FB1_2016_T3",15.9625325,15.8420416404,1.01703216612,0.440382637044,0.975341129354,12.5221085466,0.909509485507,1.01360647755
365.971867054701,"2","data31FB1_2016_T3",11.9097829368714,15.4346001754704,0.990875116097475,0.444345600481736,0.984118135778988,12.0921693994,0.911259581536449,1.01555687905874
366.349167031702,"2","data31FB1_2016_T3",13.3810415276696,16.0861848687612,1.03270574671656,0.449448523303784,0.995419876787055,13.4168666006398,0.907074824625173,1.01089316001004
366.931477912702,"2","data31FB1_2016_T3",15.6718933599904,16.1747613918152,1.03839220905302,0.44908896534314,0.994623542785802,13.3940421403778,0.908774280278906,1.01278712514892
365.511520112166,"2","data31FB1_2016_T3",10.0856798178552,15.9587686481474,1.0245258417644,0.449965742933288,0.996565393288353,13.4496993012681,0.904630178921847,1.00816871484501
368.734399450943,"2","data31FB1_2016_T3",22.7847544389337,16.2093661213161,1.04061377391054,0.440096777451765,0.974708019429869,12.5538214761002,0.91749720185417,1.02250841992296
366.861303971149,"2","data31FB1_2016_T3",15.401738603458,15.7739692565136,1.01266203469405,0.446634593915587,0.989187703134459,12.4375524547959,0.916791830638145,1.02172231615498
365.386491924524,"2","data31FB1_2016_T3",9.60070129699546,15.1669655272921,0.973693426253567,0.447314964075627,0.990694558637984,11.7701032265379,0.913474944074855,1.01802579868549
368.326056394726,"2","data31FB1_2016_T3",21.1802804155331,16.6305652100488,1.06765404001036,0.456434615615869,1.01089238317487,13.0190924342591,0.920381439663587,1.02572277027161
368.921311691403,"2","data31FB1_2016_T3",23.5222674538393,16.9273240876031,1.08670545591395,0.45757314011733,1.01341393983855,13.3391936517681,0.921948745379853,1.02746946038375
366.753244996071,"2","data31FB1_2016_T3",14.9849200445239,15.8828972332659,1.01965502579027,0.452489446397327,1.00215478664585,12.3885914969413,0.916850221900062,1.02178739053539
366.265277806669,"2","data31FB1_2016_T3",13.061134598767,16.4588296478641,1.05662890860396,0.45425064581052,1.00605541778261,13.8360856654004,0.90814583550384,1.01208675235774
366.927983353613,"2","data31FB1_2016_T3",15.6629818637064,15.977214822289,1.02571005480868,0.45094254049031,0.998728763849452,12.734880100454,0.917473343212588,1.02248183056463
368.145140023902,"2","data31FB1_2016_T3",20.4686596869183,16.3847928978504,1.051875875002,0.445487826603933,0.986647890639944,13.017811595193,0.913621248010715,1.01818884768828
371.605271357344,"2","data31FB1_2016_T3",34.0966423776324,18.2273742009638,1.17016646509627,0.459615104169844,1.0179363968117,14.5874529718564,0.925489071536003,1.03141499100461
366.623072067741,"2","data31FB1_2016_T3",14.4629784919249,15.8710282276545,1.01889305578794,0.450429386622623,0.997592252027825,12.6351023104154,0.917077005112716,1.02204012998753
370.416585974861,"2","data31FB1_2016_T3",29.4152213717489,17.9175336825253,1.15027523006699,0.458757761816557,1.01603759066233,14.547498190028,0.921148973292054,1.02657815118741
369.68740584515,"2","data31FB1_2016_T3",26.5374437615154,16.8239841262318,1.08007120591515,0.454237674538161,1.00602668954534,12.9708344722099,0.919413800561182,1.02464438101068
367.985494853929,"2","data31FB1_2016_T3",19.8354583311864,16.1796857170232,1.03870834236299,0.452006178836277,1.00108446577252,12.5042472456863,0.91705380649998,1.02201427620591
368.408883658238,"2","data31FB1_2016_T3",21.5087519970441,16.3670862899664,1.05073914085179,0.444655878310223,0.984805326195188,12.8407251962794,0.912913771092513,1.01740039721415
365.710377759766,"2","data31FB1_2016_T3",10.8797487951848,16.3651963814306,1.0506178119318,0.453148796469876,1.00361508773491,13.7544448492188,0.903866887762511,1.00731806196469
368.698689460754,"2","data31FB1_2016_T3",22.6405039826681,16.6556867232291,1.06926679848501,0.45227257396832,1.00167446661855,13.0623130974564,0.91869197981552,1.02383994499402
370.323245924432,"2","data31FB1_2016_T3",29.0418865666718,17.7874032820047,1.14192107937257,0.458446062436613,1.01534725184705,13.9147856250735,0.921696204864466,1.02718801559571
370.268992636353,"2","data31FB1_2016_T3",28.833812359492,17.8071398699264,1.143188134799,0.458726066596891,1.01596739340395,14.0564733878366,0.918748227466501,1.02390263041551
370.331201906316,"2","data31FB1_2016_T3",29.0790086725405,17.8396532522866,1.1452754387236,0.458863642851017,1.01627209156363,14.0807757170082,0.918788054935627,1.02394701629755
370.234453466954,"2","data31FB1_2016_T3",28.6997134449853,18.462923570287,1.18528833453447,0.464761912692319,1.02933533403709,14.6919325294077,0.920062555431569,1.02536738846426
373.638529702555,"2","data31FB1_2016_T3",42.1162531037566,19.2368275507941,1.23497165563034,0.455456862489943,1.00872689626293,14.6093410592783,0.918535590792368,1.02366565662196
373.151573719224,"2","data31FB1_2016_T3",40.1977995748863,18.9878098638567,1.21898514307766,0.454351123025953,1.00627795053506,14.4562363197964,0.917873499008219,1.02292778578972
363.847740377765,"2","data31FB1_2016_T3",3.54492336244591,15.8941621068582,1.0203782115422,0.452123152618999,1.00134353443775,13.6657607158424,0.898894530188493,1.00177659821256
371.80340258684,"2","data31FB1_2016_T3",34.8787216297304,18.4888964687456,1.18695575050572,0.456007596825428,1.00994663973663,13.8891959457534,0.915683368657794,1.02048698627916
375.023243994452,"2","data31FB1_2016_T3",47.557475471078,20.3141318922582,1.30413276459422,0.468823005169591,1.038329672571,14.7615842256349,0.920806144765861,1.02619608456781
373.956367609091,"2","data31FB1_2016_T3",43.357272576547,19.6752608763464,1.26311833047356,0.463010963975135,1.02545740571637,14.5019472818169,0.918450605889073,1.02357094486088
366.190002241172,"2","data31FB1_2016_T3",12.7696131839382,16.8283214283087,1.08034965333994,0.457507318068856,1.01326815990808,13.9427284823782,0.903036416522535,1.0063925399747
368.541312645189,"2","data31FB1_2016_T3",22.0199988858681,16.8224760204339,1.07997438808125,0.455723409021638,1.00931723242198,13.027233040378,0.917763809283201,1.02280554163714
368.700959854759,"2","data31FB1_2016_T3",22.6489802807231,16.9007824252412,1.08500152626899,0.45612786487303,1.01021300440227,13.067341630851,0.917873661823197,1.02292796723896
372.740563281346,"2","data31FB1_2016_T3",38.5650050720115,18.6467999033639,1.19709288280937,0.462805379130712,1.02500208496661,13.9924330003534,0.918868101683213,1.02403622471401
368.607920447597,"2","data31FB1_2016_T3",22.2838067783202,17.7487079456334,1.13943690450306,0.464005510853088,1.02766008673965,13.8353625319031,0.918955500497999,1.02413362667042
376.251017767936,"2","data31FB1_2016_T3",52.3989059451495,20.4810236991888,1.31484693513136,0.47126388018158,1.04373562092901,15.1494329428002,0.917356659895344,1.0223517923808
376.348863632884,"2","data31FB1_2016_T3",52.7971969374255,20.2804845877602,1.30197266478822,0.468075992825099,1.03667522073287,14.88756090347,0.921780620055664,1.02728209244362
371.719964907505,"2","data31FB1_2016_T3",34.5509753091717,18.1856766509311,1.16748955320706,0.45958932798703,1.01787930878948,13.8305575446414,0.919536215523102,1.02478080684892
375.696204402018,"2","data31FB1_2016_T3",50.2219685151983,19.9998162580827,1.28395423472885,0.466752282185734,1.03374352152117,14.8328160093289,0.921983892522924,1.02750863025505
